source_file,timestamp,elapsed_s,distance_cm,original_label,label,nguoi,kichban,vat
son2_roi_30ve150_cham_RETREATING.csv,2026-09-27T14:02:47.746,0.322,18.9,RETREATING,SAFE,son2,roi_30ve150_cham,
son2_roi_30ve150_cham_RETREATING.csv,2026-09-27T14:02:47.912,0.488,20.2,RETREATING,SAFE,son2,roi_30ve150_cham,
son2_roi_30ve150_cham_RETREATING.csv,2026-09-27T14:02:48.078,0.654,20.6,RETREATING,SAFE,son2,roi_30ve150_cham,
son2_roi_30ve150_cham_RETREATING.csv,2026-09-27T14:02:49.209,1.785,18.3,RETREATING,SAFE,son2,roi_30ve150_cham,
son2_roi_30ve150_cham_RETREATING.csv,2026-09-27T14:02:49.375,1.952,21.2,RETREATING,SAFE,son2,roi_30ve150_cham,
son2_roi_30ve150_cham_RETREATING.csv,2026-09-27T14:02:49.542,2.118,21.9,RETREATING,SAFE,son2,roi_30ve150_cham,
son2_roi_30ve150_cham_RETREATING.csv,2026-09-27T14:02:49.709,2.285,22.9,RETREATING,SAFE,son2,roi_30ve150_cham,
son2_roi_30ve150_cham_RETREATING.csv,2026-09-27T14:02:49.876,2.452,23.7,RETREATING,SAFE,son2,roi_30ve150_cham,
son2_roi_30ve150_cham_RETREATING.csv,2026-09-27T14:02:50.042,2.619,23.7,RETREATING,SAFE,son2,roi_30ve150_cham,
son2_roi_30ve150_cham_RETREATING.csv,2026-09-27T14:02:50.210,2.786,26.7,RETREATING,SAFE,son2,roi_30ve150_cham,
son2_roi_30ve150_cham_RETREATING.csv,2026-09-27T14:02:50.377,2.953,26.4,RETREATING,SAFE,son2,roi_30ve150_cham,
son2_roi_30ve150_cham_RETREATING.csv,2026-09-27T14:02:50.545,3.121,28.2,RETREATING,SAFE,son2,roi_30ve150_cham,
son2_roi_30ve150_cham_RETREATING.csv,2026-09-27T14:02:50.713,3.289,28.2,RETREATING,SAFE,son2,roi_30ve150_cham,
son2_roi_30ve150_cham_RETREATING.csv,2026-09-27T14:02:50.881,3.458,31.0,RETREATING,SAFE,son2,roi_30ve150_cham,
son2_roi_30ve150_cham_RETREATING.csv,2026-09-27T14:02:51.049,3.625,33.9,RETREATING,SAFE,son2,roi_30ve150_cham,
son2_roi_30ve150_cham_RETREATING.csv,2026-09-27T14:02:51.217,3.793,33.9,RETREATING,SAFE,son2,roi_30ve150_cham,
son2_roi_30ve150_cham_RETREATING.csv,2026-09-27T14:02:51.385,3.961,36.8,RETREATING,SAFE,son2,roi_30ve150_cham,
son2_roi_30ve150_cham_RETREATING.csv,2026-09-27T14:02:51.553,4.13,38.7,RETREATING,SAFE,son2,roi_30ve150_cham,
son2_roi_30ve150_cham_RETREATING.csv,2026-09-27T14:02:51.722,4.299,42.2,RETREATING,SAFE,son2,roi_30ve150_cham,
son2_roi_30ve150_cham_RETREATING.csv,2026-09-27T14:02:51.893,4.469,45.7,RETREATING,SAFE,son2,roi_30ve150_cham,
son2_roi_30ve150_cham_RETREATING.csv,2026-09-27T14:02:52.063,4.639,48.6,RETREATING,SAFE,son2,roi_30ve150_cham,
son2_roi_30ve150_cham_RETREATING.csv,2026-09-27T14:02:52.233,4.809,50.0,RETREATING,SAFE,son2,roi_30ve150_cham,
son2_roi_30ve150_cham_RETREATING.csv,2026-09-27T14:02:52.403,4.979,51.1,RETREATING,SAFE,son2,roi_30ve150_cham,
son2_roi_30ve150_cham_RETREATING.csv,2026-09-27T14:02:52.573,5.15,53.4,RETREATING,SAFE,son2,roi_30ve150_cham,
son2_roi_30ve150_cham_RETREATING.csv,2026-09-27T14:02:52.743,5.319,56.4,RETREATING,SAFE,son2,roi_30ve150_cham,
son2_roi_30ve150_cham_RETREATING.csv,2026-09-27T14:02:52.914,5.49,56.4,RETREATING,SAFE,son2,roi_30ve150_cham,
son2_roi_30ve150_cham_RETREATING.csv,2026-09-27T14:02:53.084,5.661,57.4,RETREATING,SAFE,son2,roi_30ve150_cham,
son2_roi_30ve150_cham_RETREATING.csv,2026-09-27T14:02:53.256,5.832,58.7,RETREATING,SAFE,son2,roi_30ve150_cham,
son2_roi_30ve150_cham_RETREATING.csv,2026-09-27T14:02:53.428,6.004,63.6,RETREATING,SAFE,son2,roi_30ve150_cham,
son2_roi_30ve150_cham_RETREATING.csv,2026-09-27T14:02:53.600,6.176,66.6,RETREATING,SAFE,son2,roi_30ve150_cham,
son2_roi_30ve150_cham_RETREATING.csv,2026-09-27T14:02:53.772,6.348,68.5,RETREATING,SAFE,son2,roi_30ve150_cham,
son2_roi_30ve150_cham_RETREATING.csv,2026-09-27T14:02:53.944,6.52,70.2,RETREATING,SAFE,son2,roi_30ve150_cham,
son2_roi_30ve150_cham_RETREATING.csv,2026-09-27T14:02:54.116,6.693,74.1,RETREATING,SAFE,son2,roi_30ve150_cham,
son2_roi_30ve150_cham_RETREATING.csv,2026-09-27T14:02:54.290,6.866,75.7,RETREATING,SAFE,son2,roi_30ve150_cham,
son2_roi_30ve150_cham_RETREATING.csv,2026-09-27T14:02:54.464,7.04,79.6,RETREATING,SAFE,son2,roi_30ve150_cham,
son2_roi_30ve150_cham_RETREATING.csv,2026-09-27T14:02:54.638,7.214,83.8,RETREATING,SAFE,son2,roi_30ve150_cham,
son2_roi_30ve150_cham_RETREATING.csv,2026-09-27T14:02:54.812,7.388,82.9,RETREATING,SAFE,son2,roi_30ve150_cham,
son2_roi_30ve150_cham_RETREATING.csv,2026-09-27T14:02:54.986,7.563,88.5,RETREATING,SAFE,son2,roi_30ve150_cham,
son2_roi_30ve150_cham_RETREATING.csv,2026-09-27T14:02:55.160,7.737,91.9,RETREATING,SAFE,son2,roi_30ve150_cham,
son2_roi_30ve150_cham_RETREATING.csv,2026-09-27T14:02:55.337,7.913,96.6,RETREATING,SAFE,son2,roi_30ve150_cham,
son2_roi_30ve150_cham_RETREATING.csv,2026-09-27T14:02:55.513,8.089,99.0,RETREATING,SAFE,son2,roi_30ve150_cham,
son2_roi_30ve150_cham_RETREATING.csv,2026-09-27T14:02:55.690,8.266,105.6,RETREATING,SAFE,son2,roi_30ve150_cham,
son2_roi_30ve150_cham_RETREATING.csv,2026-09-27T14:02:55.866,8.443,104.5,RETREATING,SAFE,son2,roi_30ve150_cham,
son2_roi_30ve150_cham_RETREATING.csv,2026-09-27T14:02:56.041,8.618,110.1,RETREATING,SAFE,son2,roi_30ve150_cham,
son2_roi_30ve150_cham_RETREATING.csv,2026-09-27T14:02:56.219,8.796,114.2,RETREATING,SAFE,son2,roi_30ve150_cham,
son2_roi_30ve150_cham_RETREATING.csv,2026-09-27T14:02:56.398,8.974,115.3,RETREATING,SAFE,son2,roi_30ve150_cham,
son2_roi_30ve150_cham_RETREATING.csv,2026-09-27T14:02:56.584,9.16,118.6,RETREATING,SAFE,son2,roi_30ve150_cham,
son2_roi_30ve150_cham_RETREATING.csv,2026-09-27T14:02:56.754,9.33,113.2,RETREATING,SAFE,son2,roi_30ve150_cham,
son2_roi_30ve150_cham_RETREATING.csv,2026-09-27T14:02:56.932,9.508,121.1,RETREATING,SAFE,son2,roi_30ve150_cham,
son2_roi_30ve150_cham_RETREATING.csv,2026-09-27T14:02:57.111,9.687,123.3,RETREATING,SAFE,son2,roi_30ve150_cham,
son2_roi_30ve150_cham_RETREATING.csv,2026-09-27T14:02:57.290,9.866,127.7,RETREATING,SAFE,son2,roi_30ve150_cham,
son2_roi_30ve150_cham_RETREATING.csv,2026-09-27T14:02:57.469,10.045,129.3,RETREATING,SAFE,son2,roi_30ve150_cham,
son2_roi_30ve150_cham_RETREATING.csv,2026-09-27T14:02:57.648,10.224,132.3,RETREATING,SAFE,son2,roi_30ve150_cham,
son2_roi_30ve150_cham_RETREATING.csv,2026-09-27T14:02:57.830,10.406,132.8,RETREATING,SAFE,son2,roi_30ve150_cham,
son2_roi_30ve150_cham_RETREATING.csv,2026-09-27T14:02:58.008,10.584,137.1,RETREATING,SAFE,son2,roi_30ve150_cham,
son2_roi_30ve150_cham_RETREATING.csv,2026-09-27T14:02:58.189,10.765,141.6,RETREATING,SAFE,son2,roi_30ve150_cham,
son2_roi_30ve150_cham_RETREATING.csv,2026-09-27T14:02:58.370,10.946,143.9,RETREATING,SAFE,son2,roi_30ve150_cham,
son2_roi_30ve150_cham_RETREATING.csv,2026-09-27T14:02:58.551,11.127,142.5,RETREATING,SAFE,son2,roi_30ve150_cham,
son2_roi_30ve150_cham_RETREATING.csv,2026-09-27T14:02:58.731,11.307,143.5,RETREATING,SAFE,son2,roi_30ve150_cham,
son2_roi_30ve150_cham_RETREATING.csv,2026-09-27T14:02:58.912,11.488,143.8,RETREATING,SAFE,son2,roi_30ve150_cham,
son2_roi_30ve150_cham_RETREATING.csv,2026-09-27T14:02:59.092,11.668,145.8,RETREATING,SAFE,son2,roi_30ve150_cham,
son2_roi_30ve150_cham_RETREATING.csv,2026-09-27T14:02:59.274,11.85,148.8,RETREATING,SAFE,son2,roi_30ve150_cham,
son2_roi_30ve150_cham_RETREATING.csv,2026-09-27T14:02:59.456,12.032,152.7,RETREATING,SAFE,son2,roi_30ve150_cham,
son2_roi_30ve150_cham_RETREATING.csv,2026-09-27T14:02:59.638,12.215,152.2,RETREATING,SAFE,son2,roi_30ve150_cham,
son2_roi_30ve150_cham_RETREATING.csv,2026-09-27T14:02:59.820,12.397,154.0,RETREATING,SAFE,son2,roi_30ve150_cham,
son2_roi_30ve150_cham_RETREATING.csv,2026-09-27T14:03:00.003,12.579,153.9,RETREATING,SAFE,son2,roi_30ve150_cham,
son2_roi_30ve150_cham_RETREATING.csv,2026-09-27T14:03:00.186,12.762,157.2,RETREATING,SAFE,son2,roi_30ve150_cham,
son2_roi_30ve150_cham_RETREATING.csv,2026-09-27T14:03:00.366,12.943,159.0,RETREATING,SAFE,son2,roi_30ve150_cham,
son2_roi_30ve150_cham_RETREATING.csv,2026-09-27T14:03:00.548,13.125,159.2,RETREATING,SAFE,son2,roi_30ve150_cham,
son2_roi_30ve150_cham_RETREATING.csv,2026-09-27T14:03:00.730,13.307,158.6,RETREATING,SAFE,son2,roi_30ve150_cham,
son2_roi_30ve150_cham_RETREATING.csv,2026-09-27T14:03:00.912,13.489,158.2,RETREATING,SAFE,son2,roi_30ve150_cham,
son2_roi_30ve150_cham_RETREATING.csv,2026-09-27T14:03:01.095,13.671,158.5,RETREATING,SAFE,son2,roi_30ve150_cham,
son2_roi_30ve150_cham_RETREATING.csv,2026-09-27T14:03:01.277,13.853,158.5,RETREATING,SAFE,son2,roi_30ve150_cham,
son2_roi_30ve150_cham_RETREATING.csv,2026-09-27T14:03:01.460,14.036,159.2,RETREATING,SAFE,son2,roi_30ve150_cham,
son2_roi_30ve150_cham_RETREATING.csv,2026-09-27T14:03:01.642,14.218,158.1,RETREATING,SAFE,son2,roi_30ve150_cham,
son2_roi_30ve150_cham_RETREATING.csv,2026-09-27T14:03:01.824,14.4,158.0,RETREATING,SAFE,son2,roi_30ve150_cham,
son2_roi_30ve150_cham_RETREATING.csv,2026-09-27T14:03:02.007,14.583,158.4,RETREATING,SAFE,son2,roi_30ve150_cham,
son2_roi_30ve150_cham_RETREATING.csv,2026-09-27T14:03:02.189,14.765,157.4,RETREATING,SAFE,son2,roi_30ve150_cham,
son2_roi_30ve150_cham_RETREATING.csv,2026-09-27T14:03:02.371,14.947,157.4,RETREATING,SAFE,son2,roi_30ve150_cham,
son2_roi_30ve150_cham_RETREATING.csv,2026-09-27T14:03:02.554,15.131,157.8,RETREATING,SAFE,son2,roi_30ve150_cham,
son2_roi_30ve150_cham_RETREATING.csv,2026-09-27T14:03:02.735,15.312,158.3,RETREATING,SAFE,son2,roi_30ve150_cham,
son2_roi_30ve150_cham_RETREATING.csv,2026-09-27T14:03:02.918,15.494,164.2,RETREATING,SAFE,son2,roi_30ve150_cham,
son2_roi_30ve150_cham_RETREATING.csv,2026-09-27T14:03:03.100,15.676,158.3,RETREATING,SAFE,son2,roi_30ve150_cham,
son2_roi_30ve150_cham_RETREATING.csv,2026-09-27T14:03:03.282,15.858,159.1,RETREATING,SAFE,son2,roi_30ve150_cham,
son2_roi_30ve150_cham_RETREATING.csv,2026-09-27T14:03:03.464,16.041,158.5,RETREATING,SAFE,son2,roi_30ve150_cham,
son2_roi_30ve150_cham_RETREATING.csv,2026-09-27T14:03:03.646,16.223,157.6,RETREATING,SAFE,son2,roi_30ve150_cham,
son2_roi_30ve150_cham_RETREATING.csv,2026-09-27T14:03:03.828,16.405,157.8,RETREATING,SAFE,son2,roi_30ve150_cham,
son2_roi_30ve150_cham_RETREATING.csv,2026-09-27T14:03:04.010,16.587,158.3,RETREATING,SAFE,son2,roi_30ve150_cham,
son2_roi_30ve150_cham_RETREATING.csv,2026-09-27T14:03:04.192,16.769,158.3,RETREATING,SAFE,son2,roi_30ve150_cham,
son2_roi_30ve150_cham_RETREATING.csv,2026-09-27T14:03:04.374,16.951,158.1,RETREATING,SAFE,son2,roi_30ve150_cham,
son2_roi_30ve150_cham_RETREATING.csv,2026-09-27T14:03:04.556,17.133,162.1,RETREATING,SAFE,son2,roi_30ve150_cham,
son2_roi_30ve150_cham_RETREATING.csv,2026-09-27T14:03:04.740,17.316,158.6,RETREATING,SAFE,son2,roi_30ve150_cham,
son2_roi_30ve150_cham_RETREATING.csv,2026-09-27T14:03:04.924,17.5,157.2,RETREATING,SAFE,son2,roi_30ve150_cham,
son2_roi_30ve150_cham_RETREATING.csv,2026-09-27T14:03:05.104,17.681,160.8,RETREATING,SAFE,son2,roi_30ve150_cham,
son2_roi_30ve150_cham_RETREATING.csv,2026-09-27T14:03:05.293,17.869,160.4,RETREATING,SAFE,son2,roi_30ve150_cham,
son2_roi_30ve150_cham_RETREATING.csv,2026-09-27T14:03:05.470,18.046,157.2,RETREATING,SAFE,son2,roi_30ve150_cham,
son2_roi_30ve150_cham_RETREATING.csv,2026-09-27T14:03:05.651,18.227,157.2,RETREATING,SAFE,son2,roi_30ve150_cham,
son2_roi_50ve200_cham_RETREATING.csv,2026-09-27T14:07:34.349,0.084,50.2,RETREATING,SAFE,son2,roi_50ve200_cham,
son2_roi_50ve200_cham_RETREATING.csv,2026-09-27T14:07:34.519,0.254,49.4,RETREATING,SAFE,son2,roi_50ve200_cham,
son2_roi_50ve200_cham_RETREATING.csv,2026-09-27T14:07:34.689,0.424,49.4,RETREATING,SAFE,son2,roi_50ve200_cham,
son2_roi_50ve200_cham_RETREATING.csv,2026-09-27T14:07:34.859,0.594,49.0,RETREATING,SAFE,son2,roi_50ve200_cham,
son2_roi_50ve200_cham_RETREATING.csv,2026-09-27T14:07:35.029,0.764,50.6,RETREATING,SAFE,son2,roi_50ve200_cham,
son2_roi_50ve200_cham_RETREATING.csv,2026-09-27T14:07:35.199,0.934,48.6,RETREATING,SAFE,son2,roi_50ve200_cham,
son2_roi_50ve200_cham_RETREATING.csv,2026-09-27T14:07:35.369,1.104,46.7,RETREATING,SAFE,son2,roi_50ve200_cham,
son2_roi_50ve200_cham_RETREATING.csv,2026-09-27T14:07:35.539,1.274,48.2,RETREATING,SAFE,son2,roi_50ve200_cham,
son2_roi_50ve200_cham_RETREATING.csv,2026-09-27T14:07:35.709,1.444,49.0,RETREATING,SAFE,son2,roi_50ve200_cham,
son2_roi_50ve200_cham_RETREATING.csv,2026-09-27T14:07:35.879,1.614,50.6,RETREATING,SAFE,son2,roi_50ve200_cham,
son2_roi_50ve200_cham_RETREATING.csv,2026-09-27T14:07:36.049,1.784,50.8,RETREATING,SAFE,son2,roi_50ve200_cham,
son2_roi_50ve200_cham_RETREATING.csv,2026-09-27T14:07:36.219,1.954,52.5,RETREATING,SAFE,son2,roi_50ve200_cham,
son2_roi_50ve200_cham_RETREATING.csv,2026-09-27T14:07:36.389,2.124,55.3,RETREATING,SAFE,son2,roi_50ve200_cham,
son2_roi_50ve200_cham_RETREATING.csv,2026-09-27T14:07:36.560,2.295,57.4,RETREATING,SAFE,son2,roi_50ve200_cham,
son2_roi_50ve200_cham_RETREATING.csv,2026-09-27T14:07:36.732,2.466,59.3,RETREATING,SAFE,son2,roi_50ve200_cham,
son2_roi_50ve200_cham_RETREATING.csv,2026-09-27T14:07:36.903,2.637,58.7,RETREATING,SAFE,son2,roi_50ve200_cham,
son2_roi_50ve200_cham_RETREATING.csv,2026-09-27T14:07:37.074,2.809,59.3,RETREATING,SAFE,son2,roi_50ve200_cham,
son2_roi_50ve200_cham_RETREATING.csv,2026-09-27T14:07:37.246,2.981,62.6,RETREATING,SAFE,son2,roi_50ve200_cham,
son2_roi_50ve200_cham_RETREATING.csv,2026-09-27T14:07:37.418,3.153,65.6,RETREATING,SAFE,son2,roi_50ve200_cham,
son2_roi_50ve200_cham_RETREATING.csv,2026-09-27T14:07:37.591,3.326,68.8,RETREATING,SAFE,son2,roi_50ve200_cham,
son2_roi_50ve200_cham_RETREATING.csv,2026-09-27T14:07:37.762,3.497,68.9,RETREATING,SAFE,son2,roi_50ve200_cham,
son2_roi_50ve200_cham_RETREATING.csv,2026-09-27T14:07:37.934,3.669,69.5,RETREATING,SAFE,son2,roi_50ve200_cham,
son2_roi_50ve200_cham_RETREATING.csv,2026-09-27T14:07:38.106,3.841,73.1,RETREATING,SAFE,son2,roi_50ve200_cham,
son2_roi_50ve200_cham_RETREATING.csv,2026-09-27T14:07:38.279,4.014,75.4,RETREATING,SAFE,son2,roi_50ve200_cham,
son2_roi_50ve200_cham_RETREATING.csv,2026-09-27T14:07:38.452,4.187,77.8,RETREATING,SAFE,son2,roi_50ve200_cham,
son2_roi_50ve200_cham_RETREATING.csv,2026-09-27T14:07:38.625,4.36,76.6,RETREATING,SAFE,son2,roi_50ve200_cham,
son2_roi_50ve200_cham_RETREATING.csv,2026-09-27T14:07:38.799,4.534,78.2,RETREATING,SAFE,son2,roi_50ve200_cham,
son2_roi_50ve200_cham_RETREATING.csv,2026-09-27T14:07:38.972,4.707,78.1,RETREATING,SAFE,son2,roi_50ve200_cham,
son2_roi_50ve200_cham_RETREATING.csv,2026-09-27T14:07:39.147,4.882,85.9,RETREATING,SAFE,son2,roi_50ve200_cham,
son2_roi_50ve200_cham_RETREATING.csv,2026-09-27T14:07:39.396,5.131,89.5,RETREATING,SAFE,son2,roi_50ve200_cham,
son2_roi_50ve200_cham_RETREATING.csv,2026-09-27T14:07:39.503,5.237,93.0,RETREATING,SAFE,son2,roi_50ve200_cham,
son2_roi_50ve200_cham_RETREATING.csv,2026-09-27T14:07:39.670,5.404,92.9,RETREATING,SAFE,son2,roi_50ve200_cham,
son2_roi_50ve200_cham_RETREATING.csv,2026-09-27T14:07:39.846,5.581,100.4,RETREATING,SAFE,son2,roi_50ve200_cham,
son2_roi_50ve200_cham_RETREATING.csv,2026-09-27T14:07:40.022,5.757,100.9,RETREATING,SAFE,son2,roi_50ve200_cham,
son2_roi_50ve200_cham_RETREATING.csv,2026-09-27T14:07:40.198,5.933,101.1,RETREATING,SAFE,son2,roi_50ve200_cham,
son2_roi_50ve200_cham_RETREATING.csv,2026-09-27T14:07:40.375,6.11,100.7,RETREATING,SAFE,son2,roi_50ve200_cham,
son2_roi_50ve200_cham_RETREATING.csv,2026-09-27T14:07:40.552,6.287,103.7,RETREATING,SAFE,son2,roi_50ve200_cham,
son2_roi_50ve200_cham_RETREATING.csv,2026-09-27T14:07:40.728,6.463,106.9,RETREATING,SAFE,son2,roi_50ve200_cham,
son2_roi_50ve200_cham_RETREATING.csv,2026-09-27T14:07:40.905,6.64,109.9,RETREATING,SAFE,son2,roi_50ve200_cham,
son2_roi_50ve200_cham_RETREATING.csv,2026-09-27T14:07:41.081,6.816,112.3,RETREATING,SAFE,son2,roi_50ve200_cham,
son2_roi_50ve200_cham_RETREATING.csv,2026-09-27T14:07:41.259,6.994,112.0,RETREATING,SAFE,son2,roi_50ve200_cham,
son2_roi_50ve200_cham_RETREATING.csv,2026-09-27T14:07:41.438,7.173,116.9,RETREATING,SAFE,son2,roi_50ve200_cham,
son2_roi_50ve200_cham_RETREATING.csv,2026-09-27T14:07:41.614,7.349,126.8,RETREATING,SAFE,son2,roi_50ve200_cham,
son2_roi_50ve200_cham_RETREATING.csv,2026-09-27T14:07:41.792,7.527,119.2,RETREATING,SAFE,son2,roi_50ve200_cham,
son2_roi_50ve200_cham_RETREATING.csv,2026-09-27T14:07:41.971,7.706,127.2,RETREATING,SAFE,son2,roi_50ve200_cham,
son2_roi_50ve200_cham_RETREATING.csv,2026-09-27T14:07:42.152,7.887,130.9,RETREATING,SAFE,son2,roi_50ve200_cham,
son2_roi_50ve200_cham_RETREATING.csv,2026-09-27T14:07:42.329,8.064,128.7,RETREATING,SAFE,son2,roi_50ve200_cham,
son2_roi_50ve200_cham_RETREATING.csv,2026-09-27T14:07:42.509,8.244,130.8,RETREATING,SAFE,son2,roi_50ve200_cham,
son2_roi_50ve200_cham_RETREATING.csv,2026-09-27T14:07:42.689,8.424,132.3,RETREATING,SAFE,son2,roi_50ve200_cham,
son2_roi_50ve200_cham_RETREATING.csv,2026-09-27T14:07:42.869,8.604,133.7,RETREATING,SAFE,son2,roi_50ve200_cham,
son2_roi_50ve200_cham_RETREATING.csv,2026-09-27T14:07:43.049,8.784,134.1,RETREATING,SAFE,son2,roi_50ve200_cham,
son2_roi_50ve200_cham_RETREATING.csv,2026-09-27T14:07:43.231,8.966,136.4,RETREATING,SAFE,son2,roi_50ve200_cham,
son2_roi_50ve200_cham_RETREATING.csv,2026-09-27T14:07:43.409,9.144,138.4,RETREATING,SAFE,son2,roi_50ve200_cham,
son2_roi_50ve200_cham_RETREATING.csv,2026-09-27T14:07:43.590,9.325,144.1,RETREATING,SAFE,son2,roi_50ve200_cham,
son2_roi_50ve200_cham_RETREATING.csv,2026-09-27T14:07:43.772,9.506,144.6,RETREATING,SAFE,son2,roi_50ve200_cham,
son2_roi_50ve200_cham_RETREATING.csv,2026-09-27T14:07:43.953,9.688,146.4,RETREATING,SAFE,son2,roi_50ve200_cham,
son2_roi_50ve200_cham_RETREATING.csv,2026-09-27T14:07:44.134,9.868,145.9,RETREATING,SAFE,son2,roi_50ve200_cham,
son2_roi_50ve200_cham_RETREATING.csv,2026-09-27T14:07:44.316,10.05,148.8,RETREATING,SAFE,son2,roi_50ve200_cham,
son2_roi_50ve200_cham_RETREATING.csv,2026-09-27T14:07:44.498,10.233,151.0,RETREATING,SAFE,son2,roi_50ve200_cham,
son2_roi_50ve200_cham_RETREATING.csv,2026-09-27T14:07:44.679,10.414,149.3,RETREATING,SAFE,son2,roi_50ve200_cham,
son2_roi_50ve200_cham_RETREATING.csv,2026-09-27T14:07:44.861,10.596,163.0,RETREATING,SAFE,son2,roi_50ve200_cham,
son2_roi_50ve200_cham_RETREATING.csv,2026-09-27T14:07:45.043,10.778,153.5,RETREATING,SAFE,son2,roi_50ve200_cham,
son2_roi_50ve200_cham_RETREATING.csv,2026-09-27T14:07:45.226,10.96,155.9,RETREATING,SAFE,son2,roi_50ve200_cham,
son2_roi_50ve200_cham_RETREATING.csv,2026-09-27T14:07:45.408,11.142,159.4,RETREATING,SAFE,son2,roi_50ve200_cham,
son2_roi_50ve200_cham_RETREATING.csv,2026-09-27T14:07:45.589,11.324,162.0,RETREATING,SAFE,son2,roi_50ve200_cham,
son2_roi_50ve200_cham_RETREATING.csv,2026-09-27T14:07:45.772,11.507,159.9,RETREATING,SAFE,son2,roi_50ve200_cham,
son2_roi_50ve200_cham_RETREATING.csv,2026-09-27T14:07:45.957,11.692,164.6,RETREATING,SAFE,son2,roi_50ve200_cham,
son2_roi_50ve200_cham_RETREATING.csv,2026-09-27T14:07:46.141,11.876,168.9,RETREATING,SAFE,son2,roi_50ve200_cham,
son2_roi_50ve200_cham_RETREATING.csv,2026-09-27T14:07:46.325,12.06,167.3,RETREATING,SAFE,son2,roi_50ve200_cham,
son2_roi_50ve200_cham_RETREATING.csv,2026-09-27T14:07:46.509,12.244,167.4,RETREATING,SAFE,son2,roi_50ve200_cham,
son2_roi_50ve200_cham_RETREATING.csv,2026-09-27T14:07:46.693,12.428,170.4,RETREATING,SAFE,son2,roi_50ve200_cham,
son2_roi_50ve200_cham_RETREATING.csv,2026-09-27T14:07:46.876,12.611,172.1,RETREATING,SAFE,son2,roi_50ve200_cham,
son2_roi_50ve200_cham_RETREATING.csv,2026-09-27T14:07:47.061,12.796,176.3,RETREATING,SAFE,son2,roi_50ve200_cham,
son2_roi_50ve200_cham_RETREATING.csv,2026-09-27T14:07:47.246,12.981,177.8,RETREATING,SAFE,son2,roi_50ve200_cham,
son2_roi_50ve200_cham_RETREATING.csv,2026-09-27T14:07:47.431,13.166,180.8,RETREATING,SAFE,son2,roi_50ve200_cham,
son2_roi_50ve200_cham_RETREATING.csv,2026-09-27T14:07:47.618,13.353,183.2,RETREATING,SAFE,son2,roi_50ve200_cham,
son2_roi_50ve200_cham_RETREATING.csv,2026-09-27T14:07:47.805,13.539,183.3,RETREATING,SAFE,son2,roi_50ve200_cham,
son2_roi_50ve200_cham_RETREATING.csv,2026-09-27T14:07:47.991,13.725,188.1,RETREATING,SAFE,son2,roi_50ve200_cham,
son2_roi_50ve200_cham_RETREATING.csv,2026-09-27T14:07:48.176,13.911,190.3,RETREATING,SAFE,son2,roi_50ve200_cham,
son2_roi_50ve200_cham_RETREATING.csv,2026-09-27T14:07:48.373,14.108,191.1,RETREATING,SAFE,son2,roi_50ve200_cham,
son2_roi_50ve200_cham_RETREATING.csv,2026-09-27T14:07:48.554,14.289,192.9,RETREATING,SAFE,son2,roi_50ve200_cham,
son2_roi_50ve200_cham_RETREATING.csv,2026-09-27T14:07:48.740,14.475,191.9,RETREATING,SAFE,son2,roi_50ve200_cham,
son2_roi_50ve200_cham_RETREATING.csv,2026-09-27T14:07:48.926,14.661,195.8,RETREATING,SAFE,son2,roi_50ve200_cham,
son2_roi_50ve200_cham_RETREATING.csv,2026-09-27T14:07:49.114,14.848,200.2,RETREATING,SAFE,son2,roi_50ve200_cham,
son2_roi_50ve200_cham_RETREATING.csv,2026-09-27T14:07:49.302,15.036,199.6,RETREATING,SAFE,son2,roi_50ve200_cham,
son2_roi_50ve200_cham_RETREATING.csv,2026-09-27T14:07:49.490,15.224,199.6,RETREATING,SAFE,son2,roi_50ve200_cham,
son2_roi_50ve200_cham_RETREATING.csv,2026-09-27T14:07:49.679,15.414,203.8,RETREATING,SAFE,son2,roi_50ve200_cham,
son2_roi_50ve200_cham_RETREATING.csv,2026-09-27T14:07:49.866,15.601,205.0,RETREATING,SAFE,son2,roi_50ve200_cham,
son2_roi_50ve200_cham_RETREATING.csv,2026-09-27T14:07:50.058,15.793,207.0,RETREATING,SAFE,son2,roi_50ve200_cham,
son2_roi_50ve200_cham_RETREATING.csv,2026-09-27T14:07:50.250,15.985,210.4,RETREATING,SAFE,son2,roi_50ve200_cham,
son2_roi_50ve200_cham_RETREATING.csv,2026-09-27T14:07:50.439,16.174,210.4,RETREATING,SAFE,son2,roi_50ve200_cham,
son2_roi_50ve200_cham_RETREATING.csv,2026-09-27T14:07:50.626,16.361,210.4,RETREATING,SAFE,son2,roi_50ve200_cham,
son2_roi_50ve200_cham_RETREATING.csv,2026-09-27T14:07:50.814,16.549,213.2,RETREATING,SAFE,son2,roi_50ve200_cham,
son2_roi_50ve200_cham_RETREATING.csv,2026-09-27T14:07:51.004,16.739,213.2,RETREATING,SAFE,son2,roi_50ve200_cham,
son2_roi_50ve200_cham_RETREATING.csv,2026-09-27T14:07:51.193,16.928,210.7,RETREATING,SAFE,son2,roi_50ve200_cham,
son2_roi_50ve200_cham_RETREATING.csv,2026-09-27T14:07:51.379,17.114,207.6,RETREATING,SAFE,son2,roi_50ve200_cham,
son2_roi_50ve200_cham_RETREATING.csv,2026-09-27T14:07:51.567,17.302,207.3,RETREATING,SAFE,son2,roi_50ve200_cham,
son2_roi_50ve200_cham_RETREATING.csv,2026-09-27T14:07:51.755,17.49,204.9,RETREATING,SAFE,son2,roi_50ve200_cham,
son2_roi_50ve200_cham_RETREATING.csv,2026-09-27T14:07:51.943,17.678,204.7,RETREATING,SAFE,son2,roi_50ve200_cham,
son2_roi_50ve200_cham_RETREATING.csv,2026-09-27T14:07:52.131,17.866,204.8,RETREATING,SAFE,son2,roi_50ve200_cham,
son2_roi_50ve200_cham_RETREATING.csv,2026-09-27T14:07:52.319,18.054,204.8,RETREATING,SAFE,son2,roi_50ve200_cham,
son2_roi_50ve200_cham_RETREATING.csv,2026-09-27T14:07:52.507,18.242,204.4,RETREATING,SAFE,son2,roi_50ve200_cham,
son2_roi_50ve200_cham_RETREATING.csv,2026-09-27T14:07:52.695,18.43,204.6,RETREATING,SAFE,son2,roi_50ve200_cham,
son2_roi_50ve200_cham_RETREATING.csv,2026-09-27T14:07:52.884,18.619,205.5,RETREATING,SAFE,son2,roi_50ve200_cham,
son2_roi_50ve200_cham_RETREATING.csv,2026-09-27T14:07:53.072,18.806,205.1,RETREATING,SAFE,son2,roi_50ve200_cham,
son2_roi_50ve200_cham_RETREATING.csv,2026-09-27T14:07:53.259,18.994,206.0,RETREATING,SAFE,son2,roi_50ve200_cham,
son2_tien_200ve100_cham_APPROACHING.csv,2026-09-27T13:39:19.798,0.087,241.3,APPROACHING,APPROACHING,son2,tien_200ve100_cham,
son2_tien_200ve100_cham_APPROACHING.csv,2026-09-27T13:39:19.987,0.276,240.9,APPROACHING,APPROACHING,son2,tien_200ve100_cham,
son2_tien_200ve100_cham_APPROACHING.csv,2026-09-27T13:39:20.181,0.47,240.9,APPROACHING,APPROACHING,son2,tien_200ve100_cham,
son2_tien_200ve100_cham_APPROACHING.csv,2026-09-27T13:39:20.372,0.661,240.8,APPROACHING,APPROACHING,son2,tien_200ve100_cham,
son2_tien_200ve100_cham_APPROACHING.csv,2026-09-27T13:39:20.565,0.854,204.9,APPROACHING,APPROACHING,son2,tien_200ve100_cham,
son2_tien_200ve100_cham_APPROACHING.csv,2026-09-27T13:39:20.748,1.037,204.9,APPROACHING,APPROACHING,son2,tien_200ve100_cham,
son2_tien_200ve100_cham_APPROACHING.csv,2026-09-27T13:39:20.945,1.234,203.6,APPROACHING,APPROACHING,son2,tien_200ve100_cham,
son2_tien_200ve100_cham_APPROACHING.csv,2026-09-27T13:39:21.129,1.418,204.0,APPROACHING,APPROACHING,son2,tien_200ve100_cham,
son2_tien_200ve100_cham_APPROACHING.csv,2026-09-27T13:39:21.316,1.605,204.9,APPROACHING,APPROACHING,son2,tien_200ve100_cham,
son2_tien_200ve100_cham_APPROACHING.csv,2026-09-27T13:39:21.505,1.794,216.4,APPROACHING,APPROACHING,son2,tien_200ve100_cham,
son2_tien_200ve100_cham_APPROACHING.csv,2026-09-27T13:39:21.692,1.981,214.2,APPROACHING,APPROACHING,son2,tien_200ve100_cham,
son2_tien_200ve100_cham_APPROACHING.csv,2026-09-27T13:39:21.880,2.169,205.9,APPROACHING,APPROACHING,son2,tien_200ve100_cham,
son2_tien_200ve100_cham_APPROACHING.csv,2026-09-27T13:39:22.069,2.358,207.4,APPROACHING,APPROACHING,son2,tien_200ve100_cham,
son2_tien_200ve100_cham_APPROACHING.csv,2026-09-27T13:39:22.257,2.546,203.8,APPROACHING,APPROACHING,son2,tien_200ve100_cham,
son2_tien_200ve100_cham_APPROACHING.csv,2026-09-27T13:39:22.445,2.733,195.3,APPROACHING,APPROACHING,son2,tien_200ve100_cham,
son2_tien_200ve100_cham_APPROACHING.csv,2026-09-27T13:39:22.648,2.937,193.0,APPROACHING,APPROACHING,son2,tien_200ve100_cham,
son2_tien_200ve100_cham_APPROACHING.csv,2026-09-27T13:39:22.821,3.11,190.5,APPROACHING,APPROACHING,son2,tien_200ve100_cham,
son2_tien_200ve100_cham_APPROACHING.csv,2026-09-27T13:39:23.009,3.297,191.1,APPROACHING,APPROACHING,son2,tien_200ve100_cham,
son2_tien_200ve100_cham_APPROACHING.csv,2026-09-27T13:39:23.194,3.483,183.4,APPROACHING,APPROACHING,son2,tien_200ve100_cham,
son2_tien_200ve100_cham_APPROACHING.csv,2026-09-27T13:39:23.380,3.669,187.0,APPROACHING,APPROACHING,son2,tien_200ve100_cham,
son2_tien_200ve100_cham_APPROACHING.csv,2026-09-27T13:39:23.566,3.854,178.3,APPROACHING,APPROACHING,son2,tien_200ve100_cham,
son2_tien_200ve100_cham_APPROACHING.csv,2026-09-27T13:39:23.749,4.038,178.3,APPROACHING,APPROACHING,son2,tien_200ve100_cham,
son2_tien_200ve100_cham_APPROACHING.csv,2026-09-27T13:39:23.934,4.223,176.9,APPROACHING,APPROACHING,son2,tien_200ve100_cham,
son2_tien_200ve100_cham_APPROACHING.csv,2026-09-27T13:39:24.119,4.407,173.8,APPROACHING,APPROACHING,son2,tien_200ve100_cham,
son2_tien_200ve100_cham_APPROACHING.csv,2026-09-27T13:39:24.303,4.591,170.0,APPROACHING,APPROACHING,son2,tien_200ve100_cham,
son2_tien_200ve100_cham_APPROACHING.csv,2026-09-27T13:39:24.487,4.775,170.2,APPROACHING,APPROACHING,son2,tien_200ve100_cham,
son2_tien_200ve100_cham_APPROACHING.csv,2026-09-27T13:39:24.669,4.958,166.0,APPROACHING,APPROACHING,son2,tien_200ve100_cham,
son2_tien_200ve100_cham_APPROACHING.csv,2026-09-27T13:39:24.853,5.142,166.0,APPROACHING,APPROACHING,son2,tien_200ve100_cham,
son2_tien_200ve100_cham_APPROACHING.csv,2026-09-27T13:39:25.036,5.325,159.6,APPROACHING,APPROACHING,son2,tien_200ve100_cham,
son2_tien_200ve100_cham_APPROACHING.csv,2026-09-27T13:39:25.225,5.514,158.8,APPROACHING,APPROACHING,son2,tien_200ve100_cham,
son2_tien_200ve100_cham_APPROACHING.csv,2026-09-27T13:39:25.402,5.691,152.8,APPROACHING,APPROACHING,son2,tien_200ve100_cham,
son2_tien_200ve100_cham_APPROACHING.csv,2026-09-27T13:39:25.585,5.874,156.4,APPROACHING,APPROACHING,son2,tien_200ve100_cham,
son2_tien_200ve100_cham_APPROACHING.csv,2026-09-27T13:39:25.767,6.056,156.3,APPROACHING,APPROACHING,son2,tien_200ve100_cham,
son2_tien_200ve100_cham_APPROACHING.csv,2026-09-27T13:39:25.947,6.236,152.2,APPROACHING,APPROACHING,son2,tien_200ve100_cham,
son2_tien_200ve100_cham_APPROACHING.csv,2026-09-27T13:39:26.128,6.417,146.7,APPROACHING,APPROACHING,son2,tien_200ve100_cham,
son2_tien_200ve100_cham_APPROACHING.csv,2026-09-27T13:39:26.311,6.6,147.5,APPROACHING,APPROACHING,son2,tien_200ve100_cham,
son2_tien_200ve100_cham_APPROACHING.csv,2026-09-27T13:39:26.492,6.781,144.9,APPROACHING,APPROACHING,son2,tien_200ve100_cham,
son2_tien_200ve100_cham_APPROACHING.csv,2026-09-27T13:39:26.673,6.962,144.1,APPROACHING,APPROACHING,son2,tien_200ve100_cham,
son2_tien_200ve100_cham_APPROACHING.csv,2026-09-27T13:39:26.854,7.143,141.3,APPROACHING,APPROACHING,son2,tien_200ve100_cham,
son2_tien_200ve100_cham_APPROACHING.csv,2026-09-27T13:39:27.034,7.323,140.3,APPROACHING,APPROACHING,son2,tien_200ve100_cham,
son2_tien_200ve100_cham_APPROACHING.csv,2026-09-27T13:39:27.215,7.504,137.8,APPROACHING,APPROACHING,son2,tien_200ve100_cham,
son2_tien_200ve100_cham_APPROACHING.csv,2026-09-27T13:39:27.396,7.685,137.5,APPROACHING,APPROACHING,son2,tien_200ve100_cham,
son2_tien_200ve100_cham_APPROACHING.csv,2026-09-27T13:39:27.574,7.863,134.0,APPROACHING,APPROACHING,son2,tien_200ve100_cham,
son2_tien_200ve100_cham_APPROACHING.csv,2026-09-27T13:39:27.754,8.043,130.9,APPROACHING,APPROACHING,son2,tien_200ve100_cham,
son2_tien_200ve100_cham_APPROACHING.csv,2026-09-27T13:39:27.933,8.222,128.6,APPROACHING,APPROACHING,son2,tien_200ve100_cham,
son2_tien_200ve100_cham_APPROACHING.csv,2026-09-27T13:39:28.113,8.402,127.8,APPROACHING,APPROACHING,son2,tien_200ve100_cham,
son2_tien_200ve100_cham_APPROACHING.csv,2026-09-27T13:39:28.291,8.58,125.6,APPROACHING,APPROACHING,son2,tien_200ve100_cham,
son2_tien_200ve100_cham_APPROACHING.csv,2026-09-27T13:39:28.471,8.76,123.3,APPROACHING,APPROACHING,son2,tien_200ve100_cham,
son2_tien_200ve100_cham_APPROACHING.csv,2026-09-27T13:39:28.647,8.936,122.1,APPROACHING,APPROACHING,son2,tien_200ve100_cham,
son2_tien_200ve100_cham_APPROACHING.csv,2026-09-27T13:39:28.826,9.114,119.2,APPROACHING,APPROACHING,son2,tien_200ve100_cham,
son2_tien_200ve100_cham_APPROACHING.csv,2026-09-27T13:39:29.004,9.292,118.8,APPROACHING,APPROACHING,son2,tien_200ve100_cham,
son2_tien_200ve100_cham_APPROACHING.csv,2026-09-27T13:39:29.182,9.471,118.3,APPROACHING,APPROACHING,son2,tien_200ve100_cham,
son2_tien_200ve100_cham_APPROACHING.csv,2026-09-27T13:39:29.358,9.647,111.4,APPROACHING,APPROACHING,son2,tien_200ve100_cham,
son2_tien_200ve100_cham_APPROACHING.csv,2026-09-27T13:39:29.536,9.824,110.9,APPROACHING,APPROACHING,son2,tien_200ve100_cham,
son2_tien_200ve100_cham_APPROACHING.csv,2026-09-27T13:39:29.713,10.002,109.7,APPROACHING,APPROACHING,son2,tien_200ve100_cham,
son2_tien_200ve100_cham_APPROACHING.csv,2026-09-27T13:39:29.889,10.177,110.2,APPROACHING,APPROACHING,son2,tien_200ve100_cham,
son2_tien_200ve100_cham_APPROACHING.csv,2026-09-27T13:39:30.065,10.353,101.9,APPROACHING,APPROACHING,son2,tien_200ve100_cham,
son2_tien_200ve100_cham_APPROACHING.csv,2026-09-27T13:39:30.241,10.529,103.8,APPROACHING,APPROACHING,son2,tien_200ve100_cham,
son2_tien_200ve100_cham_APPROACHING.csv,2026-09-27T13:39:30.417,10.706,101.6,APPROACHING,APPROACHING,son2,tien_200ve100_cham,
son2_tien_200ve100_cham_APPROACHING.csv,2026-09-27T13:39:30.592,10.881,102.6,APPROACHING,APPROACHING,son2,tien_200ve100_cham,
son2_tien_200ve100_cham_APPROACHING.csv,2026-09-27T13:39:30.768,11.057,98.3,APPROACHING,APPROACHING,son2,tien_200ve100_cham,
son2_tien_200ve100_cham_APPROACHING.csv,2026-09-27T13:39:30.944,11.232,96.5,APPROACHING,APPROACHING,son2,tien_200ve100_cham,
son2_tien_200ve100_cham_APPROACHING.csv,2026-09-27T13:39:31.119,11.407,95.1,APPROACHING,APPROACHING,son2,tien_200ve100_cham,
son2_tien_200ve100_cham_APPROACHING.csv,2026-09-27T13:39:31.294,11.582,94.3,APPROACHING,APPROACHING,son2,tien_200ve100_cham,
son2_tien_200ve100_cham_APPROACHING.csv,2026-09-27T13:39:31.469,11.757,93.9,APPROACHING,APPROACHING,son2,tien_200ve100_cham,
son2_tien_200ve100_cham_APPROACHING.csv,2026-09-27T13:39:31.644,11.933,95.2,APPROACHING,APPROACHING,son2,tien_200ve100_cham,
son2_tien_200ve100_cham_APPROACHING.csv,2026-09-27T13:39:31.820,12.109,96.6,APPROACHING,APPROACHING,son2,tien_200ve100_cham,
son2_tien_200ve100_cham_APPROACHING.csv,2026-09-27T13:39:31.996,12.285,98.6,APPROACHING,APPROACHING,son2,tien_200ve100_cham,
son2_tien_200ve100_cham_APPROACHING.csv,2026-09-27T13:39:32.173,12.462,98.9,APPROACHING,APPROACHING,son2,tien_200ve100_cham,
son2_tien_200ve100_cham_APPROACHING.csv,2026-09-27T13:39:32.350,12.638,99.7,APPROACHING,APPROACHING,son2,tien_200ve100_cham,
son2_tien_200ve100_cham_APPROACHING.csv,2026-09-27T13:39:32.525,12.814,101.1,APPROACHING,APPROACHING,son2,tien_200ve100_cham,
son2_tien_200ve100_cham_APPROACHING.csv,2026-09-27T13:39:32.702,12.99,100.2,APPROACHING,APPROACHING,son2,tien_200ve100_cham,
son2_tien_200ve100_cham_APPROACHING.csv,2026-09-27T13:39:32.877,13.166,101.7,APPROACHING,APPROACHING,son2,tien_200ve100_cham,
son2_tien_200ve100_cham_APPROACHING.csv,2026-09-27T13:39:33.054,13.342,102.0,APPROACHING,APPROACHING,son2,tien_200ve100_cham,
son2_tien_200ve100_cham_APPROACHING.csv,2026-09-27T13:39:33.229,13.517,102.1,APPROACHING,APPROACHING,son2,tien_200ve100_cham,
son2_tien_200ve100_cham_APPROACHING.csv,2026-09-27T13:39:33.405,13.694,101.0,APPROACHING,APPROACHING,son2,tien_200ve100_cham,
son2_tien_200ve100_cham_APPROACHING.csv,2026-09-27T13:39:33.582,13.87,100.8,APPROACHING,APPROACHING,son2,tien_200ve100_cham,
son2_tien_200ve100_cham_APPROACHING.csv,2026-09-27T13:39:33.757,14.046,101.2,APPROACHING,APPROACHING,son2,tien_200ve100_cham,
son2_tien_200ve100_cham_APPROACHING.csv,2026-09-27T13:39:33.934,14.222,102.8,APPROACHING,APPROACHING,son2,tien_200ve100_cham,
son2_tien_200ve100_cham_APPROACHING.csv,2026-09-27T13:39:34.108,14.397,102.1,APPROACHING,APPROACHING,son2,tien_200ve100_cham,
son2_tien_200ve100_cham_APPROACHING.csv,2026-09-27T13:39:34.284,14.573,100.9,APPROACHING,APPROACHING,son2,tien_200ve100_cham,
son2_tien_200ve100_cham_APPROACHING.csv,2026-09-27T13:39:34.460,14.749,100.6,APPROACHING,APPROACHING,son2,tien_200ve100_cham,
son2_tien_200ve100_cham_APPROACHING.csv,2026-09-27T13:39:34.636,14.925,99.9,APPROACHING,APPROACHING,son2,tien_200ve100_cham,
son2_tien_200ve100_cham_APPROACHING.csv,2026-09-27T13:39:34.812,15.101,99.6,APPROACHING,APPROACHING,son2,tien_200ve100_cham,
son2_tien_200ve100_cham_APPROACHING.csv,2026-09-27T13:39:34.988,15.277,99.3,APPROACHING,APPROACHING,son2,tien_200ve100_cham,
son2_tien_200ve100_cham_APPROACHING.csv,2026-09-27T13:39:35.164,15.453,97.6,APPROACHING,APPROACHING,son2,tien_200ve100_cham,
son2_tien_200ve100_cham_APPROACHING.csv,2026-09-27T13:39:35.340,15.629,99.1,APPROACHING,APPROACHING,son2,tien_200ve100_cham,
son2_tien_200ve100_cham_APPROACHING.csv,2026-09-27T13:39:35.516,15.805,98.8,APPROACHING,APPROACHING,son2,tien_200ve100_cham,
son3_roi_30ve150_cham_RETREATING.csv,2026-09-27T14:03:35.745,0.067,27.0,RETREATING,SAFE,son3,roi_30ve150_cham,
son3_roi_30ve150_cham_RETREATING.csv,2026-09-27T14:03:35.913,0.235,29.9,RETREATING,SAFE,son3,roi_30ve150_cham,
son3_roi_30ve150_cham_RETREATING.csv,2026-09-27T14:03:36.081,0.403,29.1,RETREATING,SAFE,son3,roi_30ve150_cham,
son3_roi_30ve150_cham_RETREATING.csv,2026-09-27T14:03:36.249,0.571,27.6,RETREATING,SAFE,son3,roi_30ve150_cham,
son3_roi_30ve150_cham_RETREATING.csv,2026-09-27T14:03:36.418,0.74,27.3,RETREATING,SAFE,son3,roi_30ve150_cham,
son3_roi_30ve150_cham_RETREATING.csv,2026-09-27T14:03:36.585,0.907,27.3,RETREATING,SAFE,son3,roi_30ve150_cham,
son3_roi_30ve150_cham_RETREATING.csv,2026-09-27T14:03:36.753,1.075,31.0,RETREATING,SAFE,son3,roi_30ve150_cham,
son3_roi_30ve150_cham_RETREATING.csv,2026-09-27T14:03:36.922,1.244,31.8,RETREATING,SAFE,son3,roi_30ve150_cham,
son3_roi_30ve150_cham_RETREATING.csv,2026-09-27T14:03:37.089,1.411,31.5,RETREATING,SAFE,son3,roi_30ve150_cham,
son3_roi_30ve150_cham_RETREATING.csv,2026-09-27T14:03:37.257,1.579,32.1,RETREATING,SAFE,son3,roi_30ve150_cham,
son3_roi_30ve150_cham_RETREATING.csv,2026-09-27T14:03:37.425,1.747,33.1,RETREATING,SAFE,son3,roi_30ve150_cham,
son3_roi_30ve150_cham_RETREATING.csv,2026-09-27T14:03:37.593,1.915,34.2,RETREATING,SAFE,son3,roi_30ve150_cham,
son3_roi_30ve150_cham_RETREATING.csv,2026-09-27T14:03:37.761,2.083,36.0,RETREATING,SAFE,son3,roi_30ve150_cham,
son3_roi_30ve150_cham_RETREATING.csv,2026-09-27T14:03:37.929,2.251,39.2,RETREATING,SAFE,son3,roi_30ve150_cham,
son3_roi_30ve150_cham_RETREATING.csv,2026-09-27T14:03:38.098,2.42,44.2,RETREATING,SAFE,son3,roi_30ve150_cham,
son3_roi_30ve150_cham_RETREATING.csv,2026-09-27T14:03:38.269,2.591,46.5,RETREATING,SAFE,son3,roi_30ve150_cham,
son3_roi_30ve150_cham_RETREATING.csv,2026-09-27T14:03:38.438,2.76,43.9,RETREATING,SAFE,son3,roi_30ve150_cham,
son3_roi_30ve150_cham_RETREATING.csv,2026-09-27T14:03:38.607,2.93,48.8,RETREATING,SAFE,son3,roi_30ve150_cham,
son3_roi_30ve150_cham_RETREATING.csv,2026-09-27T14:03:38.778,3.1,51.1,RETREATING,SAFE,son3,roi_30ve150_cham,
son3_roi_30ve150_cham_RETREATING.csv,2026-09-27T14:03:38.948,3.27,53.8,RETREATING,SAFE,son3,roi_30ve150_cham,
son3_roi_30ve150_cham_RETREATING.csv,2026-09-27T14:03:39.118,3.44,56.4,RETREATING,SAFE,son3,roi_30ve150_cham,
son3_roi_30ve150_cham_RETREATING.csv,2026-09-27T14:03:39.289,3.611,59.0,RETREATING,SAFE,son3,roi_30ve150_cham,
son3_roi_30ve150_cham_RETREATING.csv,2026-09-27T14:03:39.461,3.784,61.9,RETREATING,SAFE,son3,roi_30ve150_cham,
son3_roi_30ve150_cham_RETREATING.csv,2026-09-27T14:03:39.634,3.956,61.9,RETREATING,SAFE,son3,roi_30ve150_cham,
son3_roi_30ve150_cham_RETREATING.csv,2026-09-27T14:03:39.806,4.128,64.6,RETREATING,SAFE,son3,roi_30ve150_cham,
son3_roi_30ve150_cham_RETREATING.csv,2026-09-27T14:03:39.979,4.301,67.1,RETREATING,SAFE,son3,roi_30ve150_cham,
son3_roi_30ve150_cham_RETREATING.csv,2026-09-27T14:03:40.150,4.472,70.4,RETREATING,SAFE,son3,roi_30ve150_cham,
son3_roi_30ve150_cham_RETREATING.csv,2026-09-27T14:03:40.322,4.644,72.1,RETREATING,SAFE,son3,roi_30ve150_cham,
son3_roi_30ve150_cham_RETREATING.csv,2026-09-27T14:03:40.494,4.816,71.4,RETREATING,SAFE,son3,roi_30ve150_cham,
son3_roi_30ve150_cham_RETREATING.csv,2026-09-27T14:03:40.666,4.988,72.7,RETREATING,SAFE,son3,roi_30ve150_cham,
son3_roi_30ve150_cham_RETREATING.csv,2026-09-27T14:03:40.839,5.162,77.5,RETREATING,SAFE,son3,roi_30ve150_cham,
son3_roi_30ve150_cham_RETREATING.csv,2026-09-27T14:03:41.014,5.336,81.3,RETREATING,SAFE,son3,roi_30ve150_cham,
son3_roi_30ve150_cham_RETREATING.csv,2026-09-27T14:03:41.188,5.51,83.6,RETREATING,SAFE,son3,roi_30ve150_cham,
son3_roi_30ve150_cham_RETREATING.csv,2026-09-27T14:03:41.362,5.684,86.4,RETREATING,SAFE,son3,roi_30ve150_cham,
son3_roi_30ve150_cham_RETREATING.csv,2026-09-27T14:03:41.536,5.858,87.3,RETREATING,SAFE,son3,roi_30ve150_cham,
son3_roi_30ve150_cham_RETREATING.csv,2026-09-27T14:03:41.711,6.033,90.8,RETREATING,SAFE,son3,roi_30ve150_cham,
son3_roi_30ve150_cham_RETREATING.csv,2026-09-27T14:03:41.951,6.273,90.1,RETREATING,SAFE,son3,roi_30ve150_cham,
son3_roi_30ve150_cham_RETREATING.csv,2026-09-27T14:03:42.060,6.382,92.5,RETREATING,SAFE,son3,roi_30ve150_cham,
son3_roi_30ve150_cham_RETREATING.csv,2026-09-27T14:03:42.236,6.558,90.2,RETREATING,SAFE,son3,roi_30ve150_cham,
son3_roi_30ve150_cham_RETREATING.csv,2026-09-27T14:03:42.408,6.73,90.9,RETREATING,SAFE,son3,roi_30ve150_cham,
son3_roi_30ve150_cham_RETREATING.csv,2026-09-27T14:03:42.585,6.907,97.2,RETREATING,SAFE,son3,roi_30ve150_cham,
son3_roi_30ve150_cham_RETREATING.csv,2026-09-27T14:03:42.761,7.083,99.1,RETREATING,SAFE,son3,roi_30ve150_cham,
son3_roi_30ve150_cham_RETREATING.csv,2026-09-27T14:03:42.937,7.259,101.4,RETREATING,SAFE,son3,roi_30ve150_cham,
son3_roi_30ve150_cham_RETREATING.csv,2026-09-27T14:03:43.113,7.435,103.7,RETREATING,SAFE,son3,roi_30ve150_cham,
son3_roi_30ve150_cham_RETREATING.csv,2026-09-27T14:03:43.290,7.612,105.3,RETREATING,SAFE,son3,roi_30ve150_cham,
son3_roi_30ve150_cham_RETREATING.csv,2026-09-27T14:03:43.466,7.788,106.0,RETREATING,SAFE,son3,roi_30ve150_cham,
son3_roi_30ve150_cham_RETREATING.csv,2026-09-27T14:03:43.643,7.965,109.6,RETREATING,SAFE,son3,roi_30ve150_cham,
son3_roi_30ve150_cham_RETREATING.csv,2026-09-27T14:03:43.819,8.141,111.0,RETREATING,SAFE,son3,roi_30ve150_cham,
son3_roi_30ve150_cham_RETREATING.csv,2026-09-27T14:03:43.997,8.319,116.3,RETREATING,SAFE,son3,roi_30ve150_cham,
son3_roi_30ve150_cham_RETREATING.csv,2026-09-27T14:03:44.173,8.495,110.8,RETREATING,SAFE,son3,roi_30ve150_cham,
son3_roi_30ve150_cham_RETREATING.csv,2026-09-27T14:03:44.351,8.673,121.1,RETREATING,SAFE,son3,roi_30ve150_cham,
son3_roi_30ve150_cham_RETREATING.csv,2026-09-27T14:03:44.529,8.851,118.7,RETREATING,SAFE,son3,roi_30ve150_cham,
son3_roi_30ve150_cham_RETREATING.csv,2026-09-27T14:03:44.707,9.029,121.6,RETREATING,SAFE,son3,roi_30ve150_cham,
son3_roi_30ve150_cham_RETREATING.csv,2026-09-27T14:03:44.885,9.207,122.7,RETREATING,SAFE,son3,roi_30ve150_cham,
son3_roi_30ve150_cham_RETREATING.csv,2026-09-27T14:03:45.063,9.385,125.6,RETREATING,SAFE,son3,roi_30ve150_cham,
son3_roi_30ve150_cham_RETREATING.csv,2026-09-27T14:03:45.242,9.564,124.8,RETREATING,SAFE,son3,roi_30ve150_cham,
son3_roi_30ve150_cham_RETREATING.csv,2026-09-27T14:03:45.421,9.743,128.4,RETREATING,SAFE,son3,roi_30ve150_cham,
son3_roi_30ve150_cham_RETREATING.csv,2026-09-27T14:03:45.601,9.923,135.6,RETREATING,SAFE,son3,roi_30ve150_cham,
son3_roi_30ve150_cham_RETREATING.csv,2026-09-27T14:03:45.781,10.103,132.8,RETREATING,SAFE,son3,roi_30ve150_cham,
son3_roi_30ve150_cham_RETREATING.csv,2026-09-27T14:03:45.961,10.283,137.1,RETREATING,SAFE,son3,roi_30ve150_cham,
son3_roi_30ve150_cham_RETREATING.csv,2026-09-27T14:03:46.141,10.463,137.4,RETREATING,SAFE,son3,roi_30ve150_cham,
son3_roi_30ve150_cham_RETREATING.csv,2026-09-27T14:03:46.321,10.643,139.2,RETREATING,SAFE,son3,roi_30ve150_cham,
son3_roi_30ve150_cham_RETREATING.csv,2026-09-27T14:03:46.501,10.823,139.4,RETREATING,SAFE,son3,roi_30ve150_cham,
son3_roi_30ve150_cham_RETREATING.csv,2026-09-27T14:03:46.681,11.003,142.1,RETREATING,SAFE,son3,roi_30ve150_cham,
son3_roi_30ve150_cham_RETREATING.csv,2026-09-27T14:03:46.862,11.184,144.0,RETREATING,SAFE,son3,roi_30ve150_cham,
son3_roi_30ve150_cham_RETREATING.csv,2026-09-27T14:03:47.044,11.366,142.7,RETREATING,SAFE,son3,roi_30ve150_cham,
son3_roi_30ve150_cham_RETREATING.csv,2026-09-27T14:03:47.223,11.546,144.9,RETREATING,SAFE,son3,roi_30ve150_cham,
son3_roi_30ve150_cham_RETREATING.csv,2026-09-27T14:03:47.405,11.728,150.4,RETREATING,SAFE,son3,roi_30ve150_cham,
son3_roi_30ve150_cham_RETREATING.csv,2026-09-27T14:03:47.588,11.911,150.0,RETREATING,SAFE,son3,roi_30ve150_cham,
son3_roi_30ve150_cham_RETREATING.csv,2026-09-27T14:03:47.771,12.093,151.4,RETREATING,SAFE,son3,roi_30ve150_cham,
son3_roi_30ve150_cham_RETREATING.csv,2026-09-27T14:03:47.952,12.275,152.5,RETREATING,SAFE,son3,roi_30ve150_cham,
son3_roi_30ve150_cham_RETREATING.csv,2026-09-27T14:03:48.134,12.457,153.0,RETREATING,SAFE,son3,roi_30ve150_cham,
son3_roi_30ve150_cham_RETREATING.csv,2026-09-27T14:03:48.323,12.645,154.8,RETREATING,SAFE,son3,roi_30ve150_cham,
son3_roi_30ve150_cham_RETREATING.csv,2026-09-27T14:03:48.499,12.821,158.8,RETREATING,SAFE,son3,roi_30ve150_cham,
son3_roi_30ve150_cham_RETREATING.csv,2026-09-27T14:03:48.680,13.003,161.5,RETREATING,SAFE,son3,roi_30ve150_cham,
son3_roi_30ve150_cham_RETREATING.csv,2026-09-27T14:03:48.864,13.186,160.3,RETREATING,SAFE,son3,roi_30ve150_cham,
son3_roi_30ve150_cham_RETREATING.csv,2026-09-27T14:03:49.047,13.369,167.6,RETREATING,SAFE,son3,roi_30ve150_cham,
son3_roi_30ve150_cham_RETREATING.csv,2026-09-27T14:03:49.230,13.552,164.0,RETREATING,SAFE,son3,roi_30ve150_cham,
son3_roi_30ve150_cham_RETREATING.csv,2026-09-27T14:03:49.413,13.735,163.3,RETREATING,SAFE,son3,roi_30ve150_cham,
son3_roi_30ve150_cham_RETREATING.csv,2026-09-27T14:03:49.596,13.918,163.7,RETREATING,SAFE,son3,roi_30ve150_cham,
son3_roi_30ve150_cham_RETREATING.csv,2026-09-27T14:03:49.780,14.102,163.4,RETREATING,SAFE,son3,roi_30ve150_cham,
son3_roi_30ve150_cham_RETREATING.csv,2026-09-27T14:03:49.962,14.284,162.1,RETREATING,SAFE,son3,roi_30ve150_cham,
son3_roi_30ve150_cham_RETREATING.csv,2026-09-27T14:03:50.145,14.467,162.0,RETREATING,SAFE,son3,roi_30ve150_cham,
son3_roi_30ve150_cham_RETREATING.csv,2026-09-27T14:03:50.412,14.734,161.1,RETREATING,SAFE,son3,roi_30ve150_cham,
son3_roi_30ve150_cham_RETREATING.csv,2026-09-27T14:03:50.511,14.833,163.5,RETREATING,SAFE,son3,roi_30ve150_cham,
son3_roi_30ve150_cham_RETREATING.csv,2026-09-27T14:03:50.694,15.017,160.8,RETREATING,SAFE,son3,roi_30ve150_cham,
son3_roi_30ve150_cham_RETREATING.csv,2026-09-27T14:03:50.877,15.199,160.9,RETREATING,SAFE,son3,roi_30ve150_cham,
son3_roi_30ve150_cham_RETREATING.csv,2026-09-27T14:03:51.059,15.381,160.4,RETREATING,SAFE,son3,roi_30ve150_cham,
son3_roi_30ve150_cham_RETREATING.csv,2026-09-27T14:03:51.243,15.565,161.3,RETREATING,SAFE,son3,roi_30ve150_cham,
son3_roi_30ve150_cham_RETREATING.csv,2026-09-27T14:03:51.426,15.748,160.0,RETREATING,SAFE,son3,roi_30ve150_cham,
son3_roi_30ve150_cham_RETREATING.csv,2026-09-27T14:03:51.608,15.931,159.7,RETREATING,SAFE,son3,roi_30ve150_cham,
son3_roi_50ve200_cham_RETREATING.csv,2026-09-27T14:08:58.628,0.085,50.6,RETREATING,SAFE,son3,roi_50ve200_cham,
son3_roi_50ve200_cham_RETREATING.csv,2026-09-27T14:08:58.799,0.256,49.6,RETREATING,SAFE,son3,roi_50ve200_cham,
son3_roi_50ve200_cham_RETREATING.csv,2026-09-27T14:08:58.967,0.424,52.9,RETREATING,SAFE,son3,roi_50ve200_cham,
son3_roi_50ve200_cham_RETREATING.csv,2026-09-27T14:08:59.138,0.594,51.3,RETREATING,SAFE,son3,roi_50ve200_cham,
son3_roi_50ve200_cham_RETREATING.csv,2026-09-27T14:08:59.308,0.764,51.5,RETREATING,SAFE,son3,roi_50ve200_cham,
son3_roi_50ve200_cham_RETREATING.csv,2026-09-27T14:08:59.478,0.934,55.0,RETREATING,SAFE,son3,roi_50ve200_cham,
son3_roi_50ve200_cham_RETREATING.csv,2026-09-27T14:08:59.648,1.104,53.9,RETREATING,SAFE,son3,roi_50ve200_cham,
son3_roi_50ve200_cham_RETREATING.csv,2026-09-27T14:08:59.818,1.274,54.1,RETREATING,SAFE,son3,roi_50ve200_cham,
son3_roi_50ve200_cham_RETREATING.csv,2026-09-27T14:08:59.988,1.444,57.4,RETREATING,SAFE,son3,roi_50ve200_cham,
son3_roi_50ve200_cham_RETREATING.csv,2026-09-27T14:09:00.159,1.616,58.1,RETREATING,SAFE,son3,roi_50ve200_cham,
son3_roi_50ve200_cham_RETREATING.csv,2026-09-27T14:09:00.330,1.787,60.0,RETREATING,SAFE,son3,roi_50ve200_cham,
son3_roi_50ve200_cham_RETREATING.csv,2026-09-27T14:09:00.502,1.959,63.2,RETREATING,SAFE,son3,roi_50ve200_cham,
son3_roi_50ve200_cham_RETREATING.csv,2026-09-27T14:09:00.674,2.131,61.6,RETREATING,SAFE,son3,roi_50ve200_cham,
son3_roi_50ve200_cham_RETREATING.csv,2026-09-27T14:09:00.846,2.303,69.5,RETREATING,SAFE,son3,roi_50ve200_cham,
son3_roi_50ve200_cham_RETREATING.csv,2026-09-27T14:09:01.019,2.475,68.4,RETREATING,SAFE,son3,roi_50ve200_cham,
son3_roi_50ve200_cham_RETREATING.csv,2026-09-27T14:09:01.191,2.647,71.7,RETREATING,SAFE,son3,roi_50ve200_cham,
son3_roi_50ve200_cham_RETREATING.csv,2026-09-27T14:09:01.363,2.819,71.3,RETREATING,SAFE,son3,roi_50ve200_cham,
son3_roi_50ve200_cham_RETREATING.csv,2026-09-27T14:09:01.535,2.992,75.1,RETREATING,SAFE,son3,roi_50ve200_cham,
son3_roi_50ve200_cham_RETREATING.csv,2026-09-27T14:09:01.708,3.165,76.3,RETREATING,SAFE,son3,roi_50ve200_cham,
son3_roi_50ve200_cham_RETREATING.csv,2026-09-27T14:09:01.882,3.339,78.8,RETREATING,SAFE,son3,roi_50ve200_cham,
son3_roi_50ve200_cham_RETREATING.csv,2026-09-27T14:09:02.056,3.513,80.6,RETREATING,SAFE,son3,roi_50ve200_cham,
son3_roi_50ve200_cham_RETREATING.csv,2026-09-27T14:09:02.230,3.687,80.6,RETREATING,SAFE,son3,roi_50ve200_cham,
son3_roi_50ve200_cham_RETREATING.csv,2026-09-27T14:09:02.405,3.862,85.0,RETREATING,SAFE,son3,roi_50ve200_cham,
son3_roi_50ve200_cham_RETREATING.csv,2026-09-27T14:09:02.580,4.037,89.2,RETREATING,SAFE,son3,roi_50ve200_cham,
son3_roi_50ve200_cham_RETREATING.csv,2026-09-27T14:09:02.755,4.212,93.0,RETREATING,SAFE,son3,roi_50ve200_cham,
son3_roi_50ve200_cham_RETREATING.csv,2026-09-27T14:09:02.930,4.387,95.3,RETREATING,SAFE,son3,roi_50ve200_cham,
son3_roi_50ve200_cham_RETREATING.csv,2026-09-27T14:09:03.106,4.563,95.7,RETREATING,SAFE,son3,roi_50ve200_cham,
son3_roi_50ve200_cham_RETREATING.csv,2026-09-27T14:09:03.283,4.739,100.3,RETREATING,SAFE,son3,roi_50ve200_cham,
son3_roi_50ve200_cham_RETREATING.csv,2026-09-27T14:09:03.459,4.916,103.5,RETREATING,SAFE,son3,roi_50ve200_cham,
son3_roi_50ve200_cham_RETREATING.csv,2026-09-27T14:09:03.637,5.093,106.5,RETREATING,SAFE,son3,roi_50ve200_cham,
son3_roi_50ve200_cham_RETREATING.csv,2026-09-27T14:09:03.812,5.269,107.7,RETREATING,SAFE,son3,roi_50ve200_cham,
son3_roi_50ve200_cham_RETREATING.csv,2026-09-27T14:09:03.991,5.448,117.0,RETREATING,SAFE,son3,roi_50ve200_cham,
son3_roi_50ve200_cham_RETREATING.csv,2026-09-27T14:09:04.170,5.626,116.2,RETREATING,SAFE,son3,roi_50ve200_cham,
son3_roi_50ve200_cham_RETREATING.csv,2026-09-27T14:09:04.348,5.805,118.3,RETREATING,SAFE,son3,roi_50ve200_cham,
son3_roi_50ve200_cham_RETREATING.csv,2026-09-27T14:09:04.525,5.982,123.2,RETREATING,SAFE,son3,roi_50ve200_cham,
son3_roi_50ve200_cham_RETREATING.csv,2026-09-27T14:09:04.705,6.162,127.1,RETREATING,SAFE,son3,roi_50ve200_cham,
son3_roi_50ve200_cham_RETREATING.csv,2026-09-27T14:09:04.882,6.339,126.2,RETREATING,SAFE,son3,roi_50ve200_cham,
son3_roi_50ve200_cham_RETREATING.csv,2026-09-27T14:09:05.061,6.518,129.2,RETREATING,SAFE,son3,roi_50ve200_cham,
son3_roi_50ve200_cham_RETREATING.csv,2026-09-27T14:09:05.241,6.698,132.6,RETREATING,SAFE,son3,roi_50ve200_cham,
son3_roi_50ve200_cham_RETREATING.csv,2026-09-27T14:09:05.422,6.879,139.0,RETREATING,SAFE,son3,roi_50ve200_cham,
son3_roi_50ve200_cham_RETREATING.csv,2026-09-27T14:09:05.603,7.06,140.4,RETREATING,SAFE,son3,roi_50ve200_cham,
son3_roi_50ve200_cham_RETREATING.csv,2026-09-27T14:09:05.782,7.239,142.1,RETREATING,SAFE,son3,roi_50ve200_cham,
son3_roi_50ve200_cham_RETREATING.csv,2026-09-27T14:09:05.965,7.422,145.1,RETREATING,SAFE,son3,roi_50ve200_cham,
son3_roi_50ve200_cham_RETREATING.csv,2026-09-27T14:09:06.147,7.604,150.4,RETREATING,SAFE,son3,roi_50ve200_cham,
son3_roi_50ve200_cham_RETREATING.csv,2026-09-27T14:09:06.327,7.784,151.5,RETREATING,SAFE,son3,roi_50ve200_cham,
son3_roi_50ve200_cham_RETREATING.csv,2026-09-27T14:09:06.510,7.967,151.0,RETREATING,SAFE,son3,roi_50ve200_cham,
son3_roi_50ve200_cham_RETREATING.csv,2026-09-27T14:09:06.693,8.15,156.9,RETREATING,SAFE,son3,roi_50ve200_cham,
son3_roi_50ve200_cham_RETREATING.csv,2026-09-27T14:09:06.876,8.333,161.9,RETREATING,SAFE,son3,roi_50ve200_cham,
son3_roi_50ve200_cham_RETREATING.csv,2026-09-27T14:09:07.060,8.517,164.8,RETREATING,SAFE,son3,roi_50ve200_cham,
son3_roi_50ve200_cham_RETREATING.csv,2026-09-27T14:09:07.242,8.699,165.3,RETREATING,SAFE,son3,roi_50ve200_cham,
son3_roi_50ve200_cham_RETREATING.csv,2026-09-27T14:09:07.426,8.883,166.8,RETREATING,SAFE,son3,roi_50ve200_cham,
son3_roi_50ve200_cham_RETREATING.csv,2026-09-27T14:09:07.611,9.068,171.5,RETREATING,SAFE,son3,roi_50ve200_cham,
son3_roi_50ve200_cham_RETREATING.csv,2026-09-27T14:09:07.796,9.253,174.3,RETREATING,SAFE,son3,roi_50ve200_cham,
son3_roi_50ve200_cham_RETREATING.csv,2026-09-27T14:09:07.985,9.442,273.8,RETREATING,SAFE,son3,roi_50ve200_cham,
son3_roi_50ve200_cham_RETREATING.csv,2026-09-27T14:09:08.169,9.626,179.3,RETREATING,SAFE,son3,roi_50ve200_cham,
son3_roi_50ve200_cham_RETREATING.csv,2026-09-27T14:09:08.355,9.811,181.2,RETREATING,SAFE,son3,roi_50ve200_cham,
son3_roi_50ve200_cham_RETREATING.csv,2026-09-27T14:09:08.541,9.997,194.2,RETREATING,SAFE,son3,roi_50ve200_cham,
son3_roi_50ve200_cham_RETREATING.csv,2026-09-27T14:09:08.727,10.184,189.4,RETREATING,SAFE,son3,roi_50ve200_cham,
son3_roi_50ve200_cham_RETREATING.csv,2026-09-27T14:09:08.914,10.37,188.7,RETREATING,SAFE,son3,roi_50ve200_cham,
son3_roi_50ve200_cham_RETREATING.csv,2026-09-27T14:09:09.100,10.556,195.2,RETREATING,SAFE,son3,roi_50ve200_cham,
son3_roi_50ve200_cham_RETREATING.csv,2026-09-27T14:09:09.287,10.744,196.9,RETREATING,SAFE,son3,roi_50ve200_cham,
son3_roi_50ve200_cham_RETREATING.csv,2026-09-27T14:09:09.473,10.93,198.1,RETREATING,SAFE,son3,roi_50ve200_cham,
son3_roi_50ve200_cham_RETREATING.csv,2026-09-27T14:09:09.661,11.118,200.6,RETREATING,SAFE,son3,roi_50ve200_cham,
son3_roi_50ve200_cham_RETREATING.csv,2026-09-27T14:09:09.850,11.306,203.0,RETREATING,SAFE,son3,roi_50ve200_cham,
son3_roi_50ve200_cham_RETREATING.csv,2026-09-27T14:09:10.038,11.495,202.3,RETREATING,SAFE,son3,roi_50ve200_cham,
son3_roi_50ve200_cham_RETREATING.csv,2026-09-27T14:09:10.226,11.683,206.8,RETREATING,SAFE,son3,roi_50ve200_cham,
son3_roi_50ve200_cham_RETREATING.csv,2026-09-27T14:09:10.418,11.875,208.8,RETREATING,SAFE,son3,roi_50ve200_cham,
son3_roi_50ve200_cham_RETREATING.csv,2026-09-27T14:09:10.607,12.064,210.1,RETREATING,SAFE,son3,roi_50ve200_cham,
son3_roi_50ve200_cham_RETREATING.csv,2026-09-27T14:09:10.796,12.253,214.6,RETREATING,SAFE,son3,roi_50ve200_cham,
son3_roi_50ve200_cham_RETREATING.csv,2026-09-27T14:09:10.987,12.444,213.8,RETREATING,SAFE,son3,roi_50ve200_cham,
son3_roi_50ve200_cham_RETREATING.csv,2026-09-27T14:09:11.181,12.638,262.2,RETREATING,SAFE,son3,roi_50ve200_cham,
son3_roi_50ve200_cham_RETREATING.csv,2026-09-27T14:09:11.371,12.827,215.0,RETREATING,SAFE,son3,roi_50ve200_cham,
son3_roi_50ve200_cham_RETREATING.csv,2026-09-27T14:09:11.560,13.016,214.6,RETREATING,SAFE,son3,roi_50ve200_cham,
son3_roi_50ve200_cham_RETREATING.csv,2026-09-27T14:09:11.747,13.204,214.5,RETREATING,SAFE,son3,roi_50ve200_cham,
son3_roi_50ve200_cham_RETREATING.csv,2026-09-27T14:09:11.945,13.401,273.4,RETREATING,SAFE,son3,roi_50ve200_cham,
son3_roi_50ve200_cham_RETREATING.csv,2026-09-27T14:09:12.132,13.589,213.9,RETREATING,SAFE,son3,roi_50ve200_cham,
son3_roi_50ve200_cham_RETREATING.csv,2026-09-27T14:09:12.322,13.779,212.9,RETREATING,SAFE,son3,roi_50ve200_cham,
son3_roi_50ve200_cham_RETREATING.csv,2026-09-27T14:09:12.512,13.968,212.8,RETREATING,SAFE,son3,roi_50ve200_cham,
son3_roi_50ve200_cham_RETREATING.csv,2026-09-27T14:09:12.703,14.159,213.6,RETREATING,SAFE,son3,roi_50ve200_cham,
son3_roi_50ve200_cham_RETREATING.csv,2026-09-27T14:09:12.890,14.347,212.4,RETREATING,SAFE,son3,roi_50ve200_cham,
son3_roi_50ve200_cham_RETREATING.csv,2026-09-27T14:09:13.079,14.536,213.1,RETREATING,SAFE,son3,roi_50ve200_cham,
son3_roi_50ve200_cham_RETREATING.csv,2026-09-27T14:09:13.268,14.725,212.1,RETREATING,SAFE,son3,roi_50ve200_cham,
son3_roi_50ve200_cham_RETREATING.csv,2026-09-27T14:09:13.457,14.914,212.1,RETREATING,SAFE,son3,roi_50ve200_cham,
son3_roi_50ve200_cham_RETREATING.csv,2026-09-27T14:09:13.646,15.103,212.7,RETREATING,SAFE,son3,roi_50ve200_cham,
son3_roi_50ve200_cham_RETREATING.csv,2026-09-27T14:09:13.835,15.292,213.2,RETREATING,SAFE,son3,roi_50ve200_cham,
son3_roi_50ve200_cham_RETREATING.csv,2026-09-27T14:09:14.024,15.481,213.0,RETREATING,SAFE,son3,roi_50ve200_cham,
son3_roi_50ve200_cham_RETREATING.csv,2026-09-27T14:09:14.217,15.674,274.2,RETREATING,SAFE,son3,roi_50ve200_cham,
son3_roi_50ve200_cham_RETREATING.csv,2026-09-27T14:09:14.406,15.863,213.2,RETREATING,SAFE,son3,roi_50ve200_cham,
son3_tien_200ve100_cham_APPROACHING.csv,2026-09-27T13:41:53.654,0.094,214.8,APPROACHING,APPROACHING,son3,tien_200ve100_cham,
son3_tien_200ve100_cham_APPROACHING.csv,2026-09-27T13:41:53.845,0.285,243.0,APPROACHING,APPROACHING,son3,tien_200ve100_cham,
son3_tien_200ve100_cham_APPROACHING.csv,2026-09-27T13:41:54.033,0.473,210.1,APPROACHING,APPROACHING,son3,tien_200ve100_cham,
son3_tien_200ve100_cham_APPROACHING.csv,2026-09-27T13:41:54.224,0.664,205.9,APPROACHING,APPROACHING,son3,tien_200ve100_cham,
son3_tien_200ve100_cham_APPROACHING.csv,2026-09-27T13:41:54.414,0.854,213.9,APPROACHING,APPROACHING,son3,tien_200ve100_cham,
son3_tien_200ve100_cham_APPROACHING.csv,2026-09-27T13:41:54.605,1.045,243.7,APPROACHING,APPROACHING,son3,tien_200ve100_cham,
son3_tien_200ve100_cham_APPROACHING.csv,2026-09-27T13:41:54.794,1.234,207.2,APPROACHING,APPROACHING,son3,tien_200ve100_cham,
son3_tien_200ve100_cham_APPROACHING.csv,2026-09-27T13:41:54.980,1.42,209.2,APPROACHING,APPROACHING,son3,tien_200ve100_cham,
son3_tien_200ve100_cham_APPROACHING.csv,2026-09-27T13:41:55.168,1.609,207.5,APPROACHING,APPROACHING,son3,tien_200ve100_cham,
son3_tien_200ve100_cham_APPROACHING.csv,2026-09-27T13:41:55.560,2.001,203.1,APPROACHING,APPROACHING,son3,tien_200ve100_cham,
son3_tien_200ve100_cham_APPROACHING.csv,2026-09-27T13:41:55.752,2.192,205.9,APPROACHING,APPROACHING,son3,tien_200ve100_cham,
son3_tien_200ve100_cham_APPROACHING.csv,2026-09-27T13:41:55.941,2.381,199.9,APPROACHING,APPROACHING,son3,tien_200ve100_cham,
son3_tien_200ve100_cham_APPROACHING.csv,2026-09-27T13:41:56.127,2.568,195.6,APPROACHING,APPROACHING,son3,tien_200ve100_cham,
son3_tien_200ve100_cham_APPROACHING.csv,2026-09-27T13:41:56.320,2.76,200.1,APPROACHING,APPROACHING,son3,tien_200ve100_cham,
son3_tien_200ve100_cham_APPROACHING.csv,2026-09-27T13:41:56.507,2.947,193.7,APPROACHING,APPROACHING,son3,tien_200ve100_cham,
son3_tien_200ve100_cham_APPROACHING.csv,2026-09-27T13:41:56.692,3.132,188.7,APPROACHING,APPROACHING,son3,tien_200ve100_cham,
son3_tien_200ve100_cham_APPROACHING.csv,2026-09-27T13:41:56.877,3.318,187.7,APPROACHING,APPROACHING,son3,tien_200ve100_cham,
son3_tien_200ve100_cham_APPROACHING.csv,2026-09-27T13:41:57.063,3.503,189.4,APPROACHING,APPROACHING,son3,tien_200ve100_cham,
son3_tien_200ve100_cham_APPROACHING.csv,2026-09-27T13:41:57.249,3.689,184.8,APPROACHING,APPROACHING,son3,tien_200ve100_cham,
son3_tien_200ve100_cham_APPROACHING.csv,2026-09-27T13:41:57.435,3.875,182.8,APPROACHING,APPROACHING,son3,tien_200ve100_cham,
son3_tien_200ve100_cham_APPROACHING.csv,2026-09-27T13:41:57.626,4.066,181.7,APPROACHING,APPROACHING,son3,tien_200ve100_cham,
son3_tien_200ve100_cham_APPROACHING.csv,2026-09-27T13:41:57.811,4.252,179.4,APPROACHING,APPROACHING,son3,tien_200ve100_cham,
son3_tien_200ve100_cham_APPROACHING.csv,2026-09-27T13:41:57.997,4.437,173.1,APPROACHING,APPROACHING,son3,tien_200ve100_cham,
son3_tien_200ve100_cham_APPROACHING.csv,2026-09-27T13:41:58.181,4.622,214.7,APPROACHING,APPROACHING,son3,tien_200ve100_cham,
son3_tien_200ve100_cham_APPROACHING.csv,2026-09-27T13:41:58.365,4.805,176.9,APPROACHING,APPROACHING,son3,tien_200ve100_cham,
son3_tien_200ve100_cham_APPROACHING.csv,2026-09-27T13:41:58.549,4.989,172.6,APPROACHING,APPROACHING,son3,tien_200ve100_cham,
son3_tien_200ve100_cham_APPROACHING.csv,2026-09-27T13:41:58.734,5.174,171.3,APPROACHING,APPROACHING,son3,tien_200ve100_cham,
son3_tien_200ve100_cham_APPROACHING.csv,2026-09-27T13:41:58.918,5.358,170.8,APPROACHING,APPROACHING,son3,tien_200ve100_cham,
son3_tien_200ve100_cham_APPROACHING.csv,2026-09-27T13:41:59.100,5.54,164.2,APPROACHING,APPROACHING,son3,tien_200ve100_cham,
son3_tien_200ve100_cham_APPROACHING.csv,2026-09-27T13:41:59.283,5.723,163.5,APPROACHING,APPROACHING,son3,tien_200ve100_cham,
son3_tien_200ve100_cham_APPROACHING.csv,2026-09-27T13:41:59.466,5.906,159.1,APPROACHING,APPROACHING,son3,tien_200ve100_cham,
son3_tien_200ve100_cham_APPROACHING.csv,2026-09-27T13:41:59.650,6.09,165.4,APPROACHING,APPROACHING,son3,tien_200ve100_cham,
son3_tien_200ve100_cham_APPROACHING.csv,2026-09-27T13:41:59.833,6.273,163.4,APPROACHING,APPROACHING,son3,tien_200ve100_cham,
son3_tien_200ve100_cham_APPROACHING.csv,2026-09-27T13:42:00.015,6.456,161.6,APPROACHING,APPROACHING,son3,tien_200ve100_cham,
son3_tien_200ve100_cham_APPROACHING.csv,2026-09-27T13:42:00.197,6.638,155.2,APPROACHING,APPROACHING,son3,tien_200ve100_cham,
son3_tien_200ve100_cham_APPROACHING.csv,2026-09-27T13:42:00.581,7.021,150.9,APPROACHING,APPROACHING,son3,tien_200ve100_cham,
son3_tien_200ve100_cham_APPROACHING.csv,2026-09-27T13:42:00.762,7.203,149.6,APPROACHING,APPROACHING,son3,tien_200ve100_cham,
son3_tien_200ve100_cham_APPROACHING.csv,2026-09-27T13:42:00.945,7.385,143.9,APPROACHING,APPROACHING,son3,tien_200ve100_cham,
son3_tien_200ve100_cham_APPROACHING.csv,2026-09-27T13:42:01.123,7.564,145.1,APPROACHING,APPROACHING,son3,tien_200ve100_cham,
son3_tien_200ve100_cham_APPROACHING.csv,2026-09-27T13:42:01.304,7.745,145.1,APPROACHING,APPROACHING,son3,tien_200ve100_cham,
son3_tien_200ve100_cham_APPROACHING.csv,2026-09-27T13:42:01.485,7.925,138.2,APPROACHING,APPROACHING,son3,tien_200ve100_cham,
son3_tien_200ve100_cham_APPROACHING.csv,2026-09-27T13:42:01.666,8.106,138.1,APPROACHING,APPROACHING,son3,tien_200ve100_cham,
son3_tien_200ve100_cham_APPROACHING.csv,2026-09-27T13:42:01.844,8.284,133.6,APPROACHING,APPROACHING,son3,tien_200ve100_cham,
son3_tien_200ve100_cham_APPROACHING.csv,2026-09-27T13:42:02.024,8.464,129.9,APPROACHING,APPROACHING,son3,tien_200ve100_cham,
son3_tien_200ve100_cham_APPROACHING.csv,2026-09-27T13:42:02.202,8.643,127.4,APPROACHING,APPROACHING,son3,tien_200ve100_cham,
son3_tien_200ve100_cham_APPROACHING.csv,2026-09-27T13:42:02.381,8.822,126.7,APPROACHING,APPROACHING,son3,tien_200ve100_cham,
son3_tien_200ve100_cham_APPROACHING.csv,2026-09-27T13:42:02.559,9.0,127.1,APPROACHING,APPROACHING,son3,tien_200ve100_cham,
son3_tien_200ve100_cham_APPROACHING.csv,2026-09-27T13:42:02.739,9.179,123.7,APPROACHING,APPROACHING,son3,tien_200ve100_cham,
son3_tien_200ve100_cham_APPROACHING.csv,2026-09-27T13:42:02.917,9.357,122.2,APPROACHING,APPROACHING,son3,tien_200ve100_cham,
son3_tien_200ve100_cham_APPROACHING.csv,2026-09-27T13:42:03.096,9.536,119.9,APPROACHING,APPROACHING,son3,tien_200ve100_cham,
son3_tien_200ve100_cham_APPROACHING.csv,2026-09-27T13:42:03.272,9.712,120.5,APPROACHING,APPROACHING,son3,tien_200ve100_cham,
son3_tien_200ve100_cham_APPROACHING.csv,2026-09-27T13:42:03.450,9.89,114.8,APPROACHING,APPROACHING,son3,tien_200ve100_cham,
son3_tien_200ve100_cham_APPROACHING.csv,2026-09-27T13:42:03.627,10.067,110.8,APPROACHING,APPROACHING,son3,tien_200ve100_cham,
son3_tien_200ve100_cham_APPROACHING.csv,2026-09-27T13:42:03.804,10.244,106.9,APPROACHING,APPROACHING,son3,tien_200ve100_cham,
son3_tien_200ve100_cham_APPROACHING.csv,2026-09-27T13:42:03.981,10.421,106.1,APPROACHING,APPROACHING,son3,tien_200ve100_cham,
son3_tien_200ve100_cham_APPROACHING.csv,2026-09-27T13:42:04.155,10.595,105.4,APPROACHING,APPROACHING,son3,tien_200ve100_cham,
son3_tien_200ve100_cham_APPROACHING.csv,2026-09-27T13:42:04.331,10.771,99.5,APPROACHING,APPROACHING,son3,tien_200ve100_cham,
son3_tien_200ve100_cham_APPROACHING.csv,2026-09-27T13:42:04.507,10.947,99.0,APPROACHING,APPROACHING,son3,tien_200ve100_cham,
son3_tien_200ve100_cham_APPROACHING.csv,2026-09-27T13:42:04.683,11.123,100.5,APPROACHING,APPROACHING,son3,tien_200ve100_cham,
son3_tien_200ve100_cham_APPROACHING.csv,2026-09-27T13:42:04.859,11.3,96.3,APPROACHING,APPROACHING,son3,tien_200ve100_cham,
son3_tien_200ve100_cham_APPROACHING.csv,2026-09-27T13:42:05.034,11.474,95.2,APPROACHING,APPROACHING,son3,tien_200ve100_cham,
son3_tien_200ve100_cham_APPROACHING.csv,2026-09-27T13:42:05.208,11.649,93.6,APPROACHING,APPROACHING,son3,tien_200ve100_cham,
son3_tien_200ve100_cham_APPROACHING.csv,2026-09-27T13:42:05.384,11.824,93.5,APPROACHING,APPROACHING,son3,tien_200ve100_cham,
son3_tien_200ve100_cham_APPROACHING.csv,2026-09-27T13:42:05.584,12.024,94.5,APPROACHING,APPROACHING,son3,tien_200ve100_cham,
son3_tien_200ve100_cham_APPROACHING.csv,2026-09-27T13:42:05.734,12.175,93.3,APPROACHING,APPROACHING,son3,tien_200ve100_cham,
son3_tien_200ve100_cham_APPROACHING.csv,2026-09-27T13:42:05.925,12.365,93.3,APPROACHING,APPROACHING,son3,tien_200ve100_cham,
son3_tien_200ve100_cham_APPROACHING.csv,2026-09-27T13:42:06.084,12.525,93.3,APPROACHING,APPROACHING,son3,tien_200ve100_cham,
son3_tien_200ve100_cham_APPROACHING.csv,2026-09-27T13:42:06.261,12.701,93.7,APPROACHING,APPROACHING,son3,tien_200ve100_cham,
son3_tien_200ve100_cham_APPROACHING.csv,2026-09-27T13:42:06.434,12.874,93.7,APPROACHING,APPROACHING,son3,tien_200ve100_cham,
son3_tien_200ve100_cham_APPROACHING.csv,2026-09-27T13:42:06.608,13.049,93.9,APPROACHING,APPROACHING,son3,tien_200ve100_cham,
son3_tien_200ve100_cham_APPROACHING.csv,2026-09-27T13:42:06.783,13.224,93.6,APPROACHING,APPROACHING,son3,tien_200ve100_cham,
son3_tien_200ve100_cham_APPROACHING.csv,2026-09-27T13:42:06.958,13.399,93.7,APPROACHING,APPROACHING,son3,tien_200ve100_cham,
son3_tien_200ve100_cham_APPROACHING.csv,2026-09-27T13:42:07.133,13.574,93.8,APPROACHING,APPROACHING,son3,tien_200ve100_cham,
son3_tien_200ve100_cham_APPROACHING.csv,2026-09-27T13:42:07.308,13.749,94.3,APPROACHING,APPROACHING,son3,tien_200ve100_cham,
son3_tien_200ve100_cham_APPROACHING.csv,2026-09-27T13:42:07.483,13.924,93.9,APPROACHING,APPROACHING,son3,tien_200ve100_cham,
son3_tien_200ve100_cham_APPROACHING.csv,2026-09-27T13:42:07.659,14.099,94.8,APPROACHING,APPROACHING,son3,tien_200ve100_cham,
son3_tien_200ve100_cham_APPROACHING.csv,2026-09-27T13:42:07.833,14.274,93.7,APPROACHING,APPROACHING,son3,tien_200ve100_cham,
son3_tien_200ve100_cham_APPROACHING.csv,2026-09-27T13:42:08.009,14.449,94.7,APPROACHING,APPROACHING,son3,tien_200ve100_cham,
son3_tien_200ve100_cham_APPROACHING.csv,2026-09-27T13:42:08.183,14.624,94.1,APPROACHING,APPROACHING,son3,tien_200ve100_cham,
son_dungyen_150_SAFE.csv,2026-09-27T13:17:39.400,0.02,157.0,SAFE,SAFE,son,dungyen_150,
son_dungyen_150_SAFE.csv,2026-09-27T13:17:39.581,0.201,158.2,SAFE,SAFE,son,dungyen_150,
son_dungyen_150_SAFE.csv,2026-09-27T13:17:39.763,0.383,158.7,SAFE,SAFE,son,dungyen_150,
son_dungyen_150_SAFE.csv,2026-09-27T13:17:39.945,0.565,158.2,SAFE,SAFE,son,dungyen_150,
son_dungyen_150_SAFE.csv,2026-09-27T13:17:40.128,0.748,158.2,SAFE,SAFE,son,dungyen_150,
son_dungyen_150_SAFE.csv,2026-09-27T13:17:40.310,0.93,157.4,SAFE,SAFE,son,dungyen_150,
son_dungyen_150_SAFE.csv,2026-09-27T13:17:40.491,1.11,158.2,SAFE,SAFE,son,dungyen_150,
son_dungyen_150_SAFE.csv,2026-09-27T13:17:40.673,1.293,158.7,SAFE,SAFE,son,dungyen_150,
son_dungyen_150_SAFE.csv,2026-09-27T13:17:40.855,1.474,158.2,SAFE,SAFE,son,dungyen_150,
son_dungyen_150_SAFE.csv,2026-09-27T13:17:41.037,1.657,158.2,SAFE,SAFE,son,dungyen_150,
son_dungyen_150_SAFE.csv,2026-09-27T13:17:41.219,1.839,158.2,SAFE,SAFE,son,dungyen_150,
son_dungyen_150_SAFE.csv,2026-09-27T13:17:41.401,2.021,158.7,SAFE,SAFE,son,dungyen_150,
son_dungyen_150_SAFE.csv,2026-09-27T13:17:41.583,2.203,157.8,SAFE,SAFE,son,dungyen_150,
son_dungyen_150_SAFE.csv,2026-09-27T13:17:41.765,2.385,157.8,SAFE,SAFE,son,dungyen_150,
son_dungyen_150_SAFE.csv,2026-09-27T13:17:41.947,2.567,157.4,SAFE,SAFE,son,dungyen_150,
son_dungyen_150_SAFE.csv,2026-09-27T13:17:42.129,2.749,157.4,SAFE,SAFE,son,dungyen_150,
son_dungyen_150_SAFE.csv,2026-09-27T13:17:42.311,2.931,157.4,SAFE,SAFE,son,dungyen_150,
son_dungyen_150_SAFE.csv,2026-09-27T13:17:42.493,3.113,157.0,SAFE,SAFE,son,dungyen_150,
son_dungyen_150_SAFE.csv,2026-09-27T13:17:42.675,3.295,157.4,SAFE,SAFE,son,dungyen_150,
son_dungyen_150_SAFE.csv,2026-09-27T13:17:42.857,3.477,157.4,SAFE,SAFE,son,dungyen_150,
son_dungyen_150_SAFE.csv,2026-09-27T13:17:43.038,3.658,157.8,SAFE,SAFE,son,dungyen_150,
son_dungyen_150_SAFE.csv,2026-09-27T13:17:43.220,3.84,157.8,SAFE,SAFE,son,dungyen_150,
son_dungyen_150_SAFE.csv,2026-09-27T13:17:43.402,4.022,158.2,SAFE,SAFE,son,dungyen_150,
son_dungyen_150_SAFE.csv,2026-09-27T13:17:43.584,4.204,158.2,SAFE,SAFE,son,dungyen_150,
son_dungyen_150_SAFE.csv,2026-09-27T13:17:43.767,4.386,158.2,SAFE,SAFE,son,dungyen_150,
son_dungyen_150_SAFE.csv,2026-09-27T13:17:43.949,4.568,157.8,SAFE,SAFE,son,dungyen_150,
son_dungyen_150_SAFE.csv,2026-09-27T13:17:44.130,4.75,157.8,SAFE,SAFE,son,dungyen_150,
son_dungyen_150_SAFE.csv,2026-09-27T13:17:44.314,4.934,157.4,SAFE,SAFE,son,dungyen_150,
son_dungyen_150_SAFE.csv,2026-09-27T13:17:44.496,5.116,158.2,SAFE,SAFE,son,dungyen_150,
son_dungyen_150_SAFE.csv,2026-09-27T13:17:44.676,5.296,157.8,SAFE,SAFE,son,dungyen_150,
son_dungyen_150_SAFE.csv,2026-09-27T13:17:44.858,5.478,158.2,SAFE,SAFE,son,dungyen_150,
son_dungyen_150_SAFE.csv,2026-09-27T13:17:45.040,5.66,157.8,SAFE,SAFE,son,dungyen_150,
son_dungyen_150_SAFE.csv,2026-09-27T13:17:45.222,5.841,157.8,SAFE,SAFE,son,dungyen_150,
son_dungyen_150_SAFE.csv,2026-09-27T13:17:45.405,6.025,164.3,SAFE,SAFE,son,dungyen_150,
son_dungyen_150_SAFE.csv,2026-09-27T13:17:45.587,6.207,157.4,SAFE,SAFE,son,dungyen_150,
son_dungyen_150_SAFE.csv,2026-09-27T13:17:45.769,6.388,157.8,SAFE,SAFE,son,dungyen_150,
son_dungyen_150_SAFE.csv,2026-09-27T13:17:45.951,6.571,157.4,SAFE,SAFE,son,dungyen_150,
son_dungyen_150_SAFE.csv,2026-09-27T13:17:46.133,6.753,157.0,SAFE,SAFE,son,dungyen_150,
son_dungyen_150_SAFE.csv,2026-09-27T13:17:46.315,6.935,156.9,SAFE,SAFE,son,dungyen_150,
son_dungyen_150_SAFE.csv,2026-09-27T13:17:46.497,7.117,158.2,SAFE,SAFE,son,dungyen_150,
son_dungyen_150_SAFE.csv,2026-09-27T13:17:46.679,7.299,157.4,SAFE,SAFE,son,dungyen_150,
son_dungyen_150_SAFE.csv,2026-09-27T13:17:46.861,7.481,157.8,SAFE,SAFE,son,dungyen_150,
son_dungyen_150_SAFE.csv,2026-09-27T13:17:47.043,7.663,157.8,SAFE,SAFE,son,dungyen_150,
son_dungyen_150_SAFE.csv,2026-09-27T13:17:47.225,7.845,157.8,SAFE,SAFE,son,dungyen_150,
son_dungyen_150_SAFE.csv,2026-09-27T13:17:47.407,8.027,157.8,SAFE,SAFE,son,dungyen_150,
son_dungyen_150_SAFE.csv,2026-09-27T13:17:47.589,8.209,157.4,SAFE,SAFE,son,dungyen_150,
son_dungyen_150_SAFE.csv,2026-09-27T13:17:47.771,8.391,157.8,SAFE,SAFE,son,dungyen_150,
son_dungyen_150_SAFE.csv,2026-09-27T13:17:47.953,8.573,157.8,SAFE,SAFE,son,dungyen_150,
son_dungyen_150_SAFE.csv,2026-09-27T13:17:48.136,8.756,159.1,SAFE,SAFE,son,dungyen_150,
son_dungyen_150_SAFE.csv,2026-09-27T13:17:48.318,8.938,157.0,SAFE,SAFE,son,dungyen_150,
son_dungyen_150_SAFE.csv,2026-09-27T13:17:48.499,9.119,157.8,SAFE,SAFE,son,dungyen_150,
son_dungyen_150_SAFE.csv,2026-09-27T13:17:48.682,9.302,157.8,SAFE,SAFE,son,dungyen_150,
son_dungyen_150_SAFE.csv,2026-09-27T13:17:48.865,9.485,164.7,SAFE,SAFE,son,dungyen_150,
son_dungyen_150_SAFE.csv,2026-09-27T13:17:49.046,9.666,158.2,SAFE,SAFE,son,dungyen_150,
son_dungyen_150_SAFE.csv,2026-09-27T13:17:49.229,9.849,157.8,SAFE,SAFE,son,dungyen_150,
son_dungyen_150_SAFE.csv,2026-09-27T13:17:49.411,10.031,158.2,SAFE,SAFE,son,dungyen_150,
son_dungyen_150_SAFE.csv,2026-09-27T13:17:49.592,10.212,157.4,SAFE,SAFE,son,dungyen_150,
son_dungyen_150_SAFE.csv,2026-09-27T13:17:49.775,10.395,157.8,SAFE,SAFE,son,dungyen_150,
son_dungyen_150_SAFE.csv,2026-09-27T13:17:49.957,10.577,158.2,SAFE,SAFE,son,dungyen_150,
son_dungyen_150_SAFE.csv,2026-09-27T13:17:50.139,10.758,157.4,SAFE,SAFE,son,dungyen_150,
son_dungyen_150_SAFE.csv,2026-09-27T13:17:50.321,10.941,158.2,SAFE,SAFE,son,dungyen_150,
son_dungyen_150_SAFE.csv,2026-09-27T13:17:50.521,11.141,157.8,SAFE,SAFE,son,dungyen_150,
son_dungyen_150_SAFE.csv,2026-09-27T13:17:50.684,11.304,157.4,SAFE,SAFE,son,dungyen_150,
son_dungyen_150_SAFE.csv,2026-09-27T13:17:50.866,11.486,157.4,SAFE,SAFE,son,dungyen_150,
son_dungyen_150_SAFE.csv,2026-09-27T13:17:51.048,11.668,157.8,SAFE,SAFE,son,dungyen_150,
son_dungyen_150_SAFE.csv,2026-09-27T13:17:51.230,11.85,157.4,SAFE,SAFE,son,dungyen_150,
son_dungyen_150_SAFE.csv,2026-09-27T13:17:51.412,12.032,157.8,SAFE,SAFE,son,dungyen_150,
son_dungyen_150_SAFE.csv,2026-09-27T13:17:51.594,12.214,157.3,SAFE,SAFE,son,dungyen_150,
son_dungyen_150_SAFE.csv,2026-09-27T13:17:51.776,12.396,158.2,SAFE,SAFE,son,dungyen_150,
son_dungyen_150_SAFE.csv,2026-09-27T13:17:51.958,12.578,158.2,SAFE,SAFE,son,dungyen_150,
son_dungyen_150_SAFE.csv,2026-09-27T13:17:52.140,12.76,157.4,SAFE,SAFE,son,dungyen_150,
son_dungyen_150_SAFE.csv,2026-09-27T13:17:52.323,12.943,164.2,SAFE,SAFE,son,dungyen_150,
son_dungyen_150_SAFE.csv,2026-09-27T13:17:52.505,13.125,156.9,SAFE,SAFE,son,dungyen_150,
son_dungyen_150_SAFE.csv,2026-09-27T13:17:52.687,13.307,157.8,SAFE,SAFE,son,dungyen_150,
son_dungyen_150_SAFE.csv,2026-09-27T13:17:52.869,13.489,157.4,SAFE,SAFE,son,dungyen_150,
son_dungyen_150_SAFE.csv,2026-09-27T13:17:53.051,13.671,157.0,SAFE,SAFE,son,dungyen_150,
son_dungyen_150_SAFE.csv,2026-09-27T13:17:53.233,13.853,157.8,SAFE,SAFE,son,dungyen_150,
son_dungyen_150_SAFE.csv,2026-09-27T13:17:53.415,14.035,158.2,SAFE,SAFE,son,dungyen_150,
son_dungyen_150_SAFE.csv,2026-09-27T13:17:53.597,14.217,157.8,SAFE,SAFE,son,dungyen_150,
son_dungyen_150_SAFE.csv,2026-09-27T13:17:53.779,14.399,157.4,SAFE,SAFE,son,dungyen_150,
son_dungyen_150_SAFE.csv,2026-09-27T13:17:53.961,14.581,157.4,SAFE,SAFE,son,dungyen_150,
son_dungyen_150_SAFE.csv,2026-09-27T13:17:54.143,14.763,157.4,SAFE,SAFE,son,dungyen_150,
son_dungyen_150_SAFE.csv,2026-09-27T13:17:54.325,14.945,157.8,SAFE,SAFE,son,dungyen_150,
son_dungyen_150_SAFE.csv,2026-09-27T13:17:54.507,15.127,157.8,SAFE,SAFE,son,dungyen_150,
son_dungyen_150_SAFE.csv,2026-09-27T13:17:54.689,15.309,157.8,SAFE,SAFE,son,dungyen_150,
son_dungyen_150_SAFE.csv,2026-09-27T13:17:54.871,15.491,159.1,SAFE,SAFE,son,dungyen_150,
son_dungyen_150_SAFE.csv,2026-09-27T13:17:55.053,15.673,157.8,SAFE,SAFE,son,dungyen_150,
son_dungyen_150_SAFE.csv,2026-09-27T13:17:55.235,15.855,157.4,SAFE,SAFE,son,dungyen_150,
son_dungyen_150_SAFE.csv,2026-09-27T13:17:55.417,16.037,157.8,SAFE,SAFE,son,dungyen_150,
son_dungyen_150_SAFE.csv,2026-09-27T13:17:55.599,16.219,157.4,SAFE,SAFE,son,dungyen_150,
son_dungyen_150_SAFE.csv,2026-09-27T13:17:55.781,16.401,157.8,SAFE,SAFE,son,dungyen_150,
son_dungyen_150_SAFE.csv,2026-09-27T13:17:55.964,16.584,164.2,SAFE,SAFE,son,dungyen_150,
son_dungyen_150_SAFE.csv,2026-09-27T13:17:56.147,16.767,164.2,SAFE,SAFE,son,dungyen_150,
son_dungyen_150_SAFE.csv,2026-09-27T13:17:56.329,16.949,157.4,SAFE,SAFE,son,dungyen_150,
son_dungyen_150_SAFE.csv,2026-09-27T13:17:56.512,17.132,164.7,SAFE,SAFE,son,dungyen_150,
son_dungyen_150_SAFE.csv,2026-09-27T13:17:56.694,17.314,158.7,SAFE,SAFE,son,dungyen_150,
son_dungyen_150_SAFE.csv,2026-09-27T13:17:56.877,17.497,164.2,SAFE,SAFE,son,dungyen_150,
son_dungyen_150_SAFE.csv,2026-09-27T13:17:57.059,17.679,158.2,SAFE,SAFE,son,dungyen_150,
son_dungyen_150_SAFE.csv,2026-09-27T13:17:57.241,17.861,157.8,SAFE,SAFE,son,dungyen_150,
son_dungyen_150_SAFE.csv,2026-09-27T13:17:57.424,18.044,164.7,SAFE,SAFE,son,dungyen_150,
son_dungyen_150_SAFE.csv,2026-09-27T13:17:57.607,18.227,164.7,SAFE,SAFE,son,dungyen_150,
son_dungyen_150_SAFE.csv,2026-09-27T13:17:57.790,18.41,164.2,SAFE,SAFE,son,dungyen_150,
son_dungyen_150_SAFE.csv,2026-09-27T13:17:57.973,18.593,158.2,SAFE,SAFE,son,dungyen_150,
son_dungyen_150_SAFE.csv,2026-09-27T13:17:58.156,18.776,164.7,SAFE,SAFE,son,dungyen_150,
son_dungyen_150_SAFE.csv,2026-09-27T13:17:58.339,18.959,164.2,SAFE,SAFE,son,dungyen_150,
son_dungyen_150_SAFE.csv,2026-09-27T13:17:58.521,19.141,164.7,SAFE,SAFE,son,dungyen_150,
son_dungyen_150_SAFE.csv,2026-09-27T13:17:58.705,19.325,164.7,SAFE,SAFE,son,dungyen_150,
son_dungyen_150_SAFE.csv,2026-09-27T13:17:58.887,19.507,157.4,SAFE,SAFE,son,dungyen_150,
son_dungyen_150_SAFE.csv,2026-09-27T13:17:59.068,19.688,157.8,SAFE,SAFE,son,dungyen_150,
son_dungyen_150_SAFE.csv,2026-09-27T13:17:59.251,19.871,157.4,SAFE,SAFE,son,dungyen_150,
son_dungyen_150_SAFE.csv,2026-09-27T13:17:59.433,20.053,157.8,SAFE,SAFE,son,dungyen_150,
son_dungyen_150_SAFE.csv,2026-09-27T13:17:59.615,20.234,157.8,SAFE,SAFE,son,dungyen_150,
son_dungyen_150_SAFE.csv,2026-09-27T13:17:59.797,20.417,157.8,SAFE,SAFE,son,dungyen_150,
son_dungyen_150_SAFE.csv,2026-09-27T13:17:59.979,20.599,158.2,SAFE,SAFE,son,dungyen_150,
son_dungyen_150_SAFE.csv,2026-09-27T13:18:00.160,20.78,157.8,SAFE,SAFE,son,dungyen_150,
son_dungyen_150_SAFE.csv,2026-09-27T13:18:00.342,20.962,157.8,SAFE,SAFE,son,dungyen_150,
son_dungyen_150_SAFE.csv,2026-09-27T13:18:00.524,21.144,157.3,SAFE,SAFE,son,dungyen_150,
son_dungyen_150_SAFE.csv,2026-09-27T13:18:00.707,21.327,164.7,SAFE,SAFE,son,dungyen_150,
son_dungyen_150_SAFE.csv,2026-09-27T13:18:00.889,21.509,157.0,SAFE,SAFE,son,dungyen_150,
son_dungyen_150_SAFE.csv,2026-09-27T13:18:01.071,21.691,157.8,SAFE,SAFE,son,dungyen_150,
son_dungyen_150_SAFE.csv,2026-09-27T13:18:01.253,21.873,157.4,SAFE,SAFE,son,dungyen_150,
son_dungyen_150_SAFE.csv,2026-09-27T13:18:01.435,22.055,158.7,SAFE,SAFE,son,dungyen_150,
son_dungyen_150_SAFE.csv,2026-09-27T13:18:01.617,22.237,157.8,SAFE,SAFE,son,dungyen_150,
son_dungyen_150_SAFE.csv,2026-09-27T13:18:01.799,22.419,157.8,SAFE,SAFE,son,dungyen_150,
son_dungyen_150_SAFE.csv,2026-09-27T13:18:01.982,22.602,164.7,SAFE,SAFE,son,dungyen_150,
son_dungyen_150_SAFE.csv,2026-09-27T13:18:02.164,22.784,158.2,SAFE,SAFE,son,dungyen_150,
son_dungyen_150_SAFE.csv,2026-09-27T13:18:02.346,22.966,163.8,SAFE,SAFE,son,dungyen_150,
son_dungyen_150_SAFE.csv,2026-09-27T13:18:02.529,23.149,164.7,SAFE,SAFE,son,dungyen_150,
son_dungyen_150_SAFE.csv,2026-09-27T13:18:02.711,23.331,157.8,SAFE,SAFE,son,dungyen_150,
son_dungyen_150_SAFE.csv,2026-09-27T13:18:02.894,23.514,164.6,SAFE,SAFE,son,dungyen_150,
son_dungyen_150_SAFE.csv,2026-09-27T13:18:03.076,23.696,157.4,SAFE,SAFE,son,dungyen_150,
son_dungyen_150_SAFE.csv,2026-09-27T13:18:03.258,23.878,157.8,SAFE,SAFE,son,dungyen_150,
son_dungyen_150_SAFE.csv,2026-09-27T13:18:03.441,24.061,164.6,SAFE,SAFE,son,dungyen_150,
son_dungyen_150_SAFE.csv,2026-09-27T13:18:03.624,24.244,164.2,SAFE,SAFE,son,dungyen_150,
son_dungyen_150_SAFE.csv,2026-09-27T13:18:03.806,24.426,163.4,SAFE,SAFE,son,dungyen_150,
son_dungyen_150_SAFE.csv,2026-09-27T13:18:03.988,24.608,163.8,SAFE,SAFE,son,dungyen_150,
son_dungyen_150_SAFE.csv,2026-09-27T13:18:04.171,24.791,164.2,SAFE,SAFE,son,dungyen_150,
son_dungyen_150_SAFE.csv,2026-09-27T13:18:04.353,24.973,157.4,SAFE,SAFE,son,dungyen_150,
son_dungyen_150_SAFE.csv,2026-09-27T13:18:04.535,25.155,157.4,SAFE,SAFE,son,dungyen_150,
son_dungyen_150_SAFE.csv,2026-09-27T13:18:04.717,25.337,157.8,SAFE,SAFE,son,dungyen_150,
son_dungyen_150_SAFE.csv,2026-09-27T13:18:04.899,25.519,157.8,SAFE,SAFE,son,dungyen_150,
son_dungyen_150_SAFE.csv,2026-09-27T13:18:05.081,25.701,157.4,SAFE,SAFE,son,dungyen_150,
son_dungyen_150_SAFE.csv,2026-09-27T13:18:05.263,25.883,157.4,SAFE,SAFE,son,dungyen_150,
son_dungyen_150_SAFE.csv,2026-09-27T13:18:05.446,26.066,164.2,SAFE,SAFE,son,dungyen_150,
son_dungyen_150_SAFE.csv,2026-09-27T13:18:05.628,26.248,158.6,SAFE,SAFE,son,dungyen_150,
son_dungyen_150_SAFE.csv,2026-09-27T13:18:05.811,26.431,164.7,SAFE,SAFE,son,dungyen_150,
son_dungyen_150_SAFE.csv,2026-09-27T13:18:05.993,26.613,157.3,SAFE,SAFE,son,dungyen_150,
son_dungyen_150_SAFE.csv,2026-09-27T13:18:06.176,26.796,164.2,SAFE,SAFE,son,dungyen_150,
son_dungyen_150_SAFE.csv,2026-09-27T13:18:06.359,26.979,164.6,SAFE,SAFE,son,dungyen_150,
son_dungyen_150_SAFE.csv,2026-09-27T13:18:06.541,27.161,157.7,SAFE,SAFE,son,dungyen_150,
son_dungyen_150_SAFE.csv,2026-09-27T13:18:06.723,27.343,157.8,SAFE,SAFE,son,dungyen_150,
son_dungyen_200_SAFE.csv,2026-09-27T13:21:13.520,0.076,202.5,SAFE,SAFE,son,dungyen_200,
son_dungyen_200_SAFE.csv,2026-09-27T13:21:13.708,0.264,203.7,SAFE,SAFE,son,dungyen_200,
son_dungyen_200_SAFE.csv,2026-09-27T13:21:13.896,0.452,203.3,SAFE,SAFE,son,dungyen_200,
son_dungyen_200_SAFE.csv,2026-09-27T13:21:14.084,0.64,203.7,SAFE,SAFE,son,dungyen_200,
son_dungyen_200_SAFE.csv,2026-09-27T13:21:14.272,0.828,202.9,SAFE,SAFE,son,dungyen_200,
son_dungyen_200_SAFE.csv,2026-09-27T13:21:14.460,1.016,202.9,SAFE,SAFE,son,dungyen_200,
son_dungyen_200_SAFE.csv,2026-09-27T13:21:14.648,1.204,202.9,SAFE,SAFE,son,dungyen_200,
son_dungyen_200_SAFE.csv,2026-09-27T13:21:14.836,1.392,202.9,SAFE,SAFE,son,dungyen_200,
son_dungyen_200_SAFE.csv,2026-09-27T13:21:15.024,1.58,203.3,SAFE,SAFE,son,dungyen_200,
son_dungyen_200_SAFE.csv,2026-09-27T13:21:15.212,1.768,203.3,SAFE,SAFE,son,dungyen_200,
son_dungyen_200_SAFE.csv,2026-09-27T13:21:15.400,1.956,202.9,SAFE,SAFE,son,dungyen_200,
son_dungyen_200_SAFE.csv,2026-09-27T13:21:15.588,2.144,203.3,SAFE,SAFE,son,dungyen_200,
son_dungyen_200_SAFE.csv,2026-09-27T13:21:15.776,2.332,202.9,SAFE,SAFE,son,dungyen_200,
son_dungyen_200_SAFE.csv,2026-09-27T13:21:15.964,2.52,202.9,SAFE,SAFE,son,dungyen_200,
son_dungyen_200_SAFE.csv,2026-09-27T13:21:16.152,2.708,203.3,SAFE,SAFE,son,dungyen_200,
son_dungyen_200_SAFE.csv,2026-09-27T13:21:16.340,2.896,203.3,SAFE,SAFE,son,dungyen_200,
son_dungyen_200_SAFE.csv,2026-09-27T13:21:16.528,3.085,203.3,SAFE,SAFE,son,dungyen_200,
son_dungyen_200_SAFE.csv,2026-09-27T13:21:16.716,3.273,202.4,SAFE,SAFE,son,dungyen_200,
son_dungyen_200_SAFE.csv,2026-09-27T13:21:16.905,3.461,202.9,SAFE,SAFE,son,dungyen_200,
son_dungyen_200_SAFE.csv,2026-09-27T13:21:17.093,3.649,203.7,SAFE,SAFE,son,dungyen_200,
son_dungyen_200_SAFE.csv,2026-09-27T13:21:17.281,3.837,203.7,SAFE,SAFE,son,dungyen_200,
son_dungyen_200_SAFE.csv,2026-09-27T13:21:17.468,4.024,203.8,SAFE,SAFE,son,dungyen_200,
son_dungyen_200_SAFE.csv,2026-09-27T13:21:17.656,4.212,203.3,SAFE,SAFE,son,dungyen_200,
son_dungyen_200_SAFE.csv,2026-09-27T13:21:17.844,4.4,202.9,SAFE,SAFE,son,dungyen_200,
son_dungyen_200_SAFE.csv,2026-09-27T13:21:18.032,4.588,203.7,SAFE,SAFE,son,dungyen_200,
son_dungyen_200_SAFE.csv,2026-09-27T13:21:18.220,4.776,203.3,SAFE,SAFE,son,dungyen_200,
son_dungyen_200_SAFE.csv,2026-09-27T13:21:18.409,4.965,203.3,SAFE,SAFE,son,dungyen_200,
son_dungyen_200_SAFE.csv,2026-09-27T13:21:18.597,5.153,204.6,SAFE,SAFE,son,dungyen_200,
son_dungyen_200_SAFE.csv,2026-09-27T13:21:18.790,5.347,204.2,SAFE,SAFE,son,dungyen_200,
son_dungyen_200_SAFE.csv,2026-09-27T13:21:18.978,5.535,202.9,SAFE,SAFE,son,dungyen_200,
son_dungyen_200_SAFE.csv,2026-09-27T13:21:19.161,5.717,202.9,SAFE,SAFE,son,dungyen_200,
son_dungyen_200_SAFE.csv,2026-09-27T13:21:19.349,5.905,202.5,SAFE,SAFE,son,dungyen_200,
son_dungyen_200_SAFE.csv,2026-09-27T13:21:19.537,6.093,202.9,SAFE,SAFE,son,dungyen_200,
son_dungyen_200_SAFE.csv,2026-09-27T13:21:19.725,6.281,203.7,SAFE,SAFE,son,dungyen_200,
son_dungyen_200_SAFE.csv,2026-09-27T13:21:19.913,6.469,203.3,SAFE,SAFE,son,dungyen_200,
son_dungyen_200_SAFE.csv,2026-09-27T13:21:20.100,6.656,202.9,SAFE,SAFE,son,dungyen_200,
son_dungyen_200_SAFE.csv,2026-09-27T13:21:20.288,6.844,203.7,SAFE,SAFE,son,dungyen_200,
son_dungyen_200_SAFE.csv,2026-09-27T13:21:20.477,7.033,203.7,SAFE,SAFE,son,dungyen_200,
son_dungyen_200_SAFE.csv,2026-09-27T13:21:20.665,7.221,203.3,SAFE,SAFE,son,dungyen_200,
son_dungyen_200_SAFE.csv,2026-09-27T13:21:20.853,7.409,202.9,SAFE,SAFE,son,dungyen_200,
son_dungyen_200_SAFE.csv,2026-09-27T13:21:21.041,7.597,202.9,SAFE,SAFE,son,dungyen_200,
son_dungyen_200_SAFE.csv,2026-09-27T13:21:21.229,7.785,202.9,SAFE,SAFE,son,dungyen_200,
son_dungyen_200_SAFE.csv,2026-09-27T13:21:21.417,7.973,202.9,SAFE,SAFE,son,dungyen_200,
son_dungyen_200_SAFE.csv,2026-09-27T13:21:21.605,8.161,202.9,SAFE,SAFE,son,dungyen_200,
son_dungyen_200_SAFE.csv,2026-09-27T13:21:21.793,8.349,203.7,SAFE,SAFE,son,dungyen_200,
son_dungyen_200_SAFE.csv,2026-09-27T13:21:21.981,8.537,203.7,SAFE,SAFE,son,dungyen_200,
son_dungyen_200_SAFE.csv,2026-09-27T13:21:22.169,8.725,204.2,SAFE,SAFE,son,dungyen_200,
son_dungyen_200_SAFE.csv,2026-09-27T13:21:22.357,8.913,202.9,SAFE,SAFE,son,dungyen_200,
son_dungyen_200_SAFE.csv,2026-09-27T13:21:22.546,9.102,202.9,SAFE,SAFE,son,dungyen_200,
son_dungyen_200_SAFE.csv,2026-09-27T13:21:22.734,9.29,203.3,SAFE,SAFE,son,dungyen_200,
son_dungyen_200_SAFE.csv,2026-09-27T13:21:22.922,9.478,202.9,SAFE,SAFE,son,dungyen_200,
son_dungyen_200_SAFE.csv,2026-09-27T13:21:23.115,9.671,203.7,SAFE,SAFE,son,dungyen_200,
son_dungyen_200_SAFE.csv,2026-09-27T13:21:23.303,9.859,203.3,SAFE,SAFE,son,dungyen_200,
son_dungyen_200_SAFE.csv,2026-09-27T13:21:23.491,10.047,202.9,SAFE,SAFE,son,dungyen_200,
son_dungyen_200_SAFE.csv,2026-09-27T13:21:23.678,10.234,202.4,SAFE,SAFE,son,dungyen_200,
son_dungyen_200_SAFE.csv,2026-09-27T13:21:23.866,10.422,203.3,SAFE,SAFE,son,dungyen_200,
son_dungyen_200_SAFE.csv,2026-09-27T13:21:24.048,10.604,202.8,SAFE,SAFE,son,dungyen_200,
son_dungyen_200_SAFE.csv,2026-09-27T13:21:24.237,10.793,203.3,SAFE,SAFE,son,dungyen_200,
son_dungyen_200_SAFE.csv,2026-09-27T13:21:24.424,10.98,203.3,SAFE,SAFE,son,dungyen_200,
son_dungyen_200_SAFE.csv,2026-09-27T13:21:24.612,11.168,202.9,SAFE,SAFE,son,dungyen_200,
son_dungyen_200_SAFE.csv,2026-09-27T13:21:24.800,11.356,203.3,SAFE,SAFE,son,dungyen_200,
son_dungyen_200_SAFE.csv,2026-09-27T13:21:24.989,11.545,202.9,SAFE,SAFE,son,dungyen_200,
son_dungyen_200_SAFE.csv,2026-09-27T13:21:25.177,11.733,203.7,SAFE,SAFE,son,dungyen_200,
son_dungyen_200_SAFE.csv,2026-09-27T13:21:25.364,11.92,202.9,SAFE,SAFE,son,dungyen_200,
son_dungyen_200_SAFE.csv,2026-09-27T13:21:25.552,12.108,202.8,SAFE,SAFE,son,dungyen_200,
son_dungyen_200_SAFE.csv,2026-09-27T13:21:25.742,12.298,202.9,SAFE,SAFE,son,dungyen_200,
son_dungyen_200_SAFE.csv,2026-09-27T13:21:25.930,12.486,203.7,SAFE,SAFE,son,dungyen_200,
son_dungyen_200_SAFE.csv,2026-09-27T13:21:26.118,12.674,204.2,SAFE,SAFE,son,dungyen_200,
son_dungyen_200_SAFE.csv,2026-09-27T13:21:26.306,12.862,203.3,SAFE,SAFE,son,dungyen_200,
son_dungyen_200_SAFE.csv,2026-09-27T13:21:26.494,13.05,209.0,SAFE,SAFE,son,dungyen_200,
son_dungyen_200_SAFE.csv,2026-09-27T13:21:26.682,13.238,203.3,SAFE,SAFE,son,dungyen_200,
son_dungyen_200_SAFE.csv,2026-09-27T13:21:26.870,13.426,202.9,SAFE,SAFE,son,dungyen_200,
son_dungyen_200_SAFE.csv,2026-09-27T13:21:27.058,13.614,202.9,SAFE,SAFE,son,dungyen_200,
son_dungyen_200_SAFE.csv,2026-09-27T13:21:27.245,13.801,202.9,SAFE,SAFE,son,dungyen_200,
son_dungyen_200_SAFE.csv,2026-09-27T13:21:27.433,13.989,203.3,SAFE,SAFE,son,dungyen_200,
son_dungyen_200_SAFE.csv,2026-09-27T13:21:27.622,14.178,202.9,SAFE,SAFE,son,dungyen_200,
son_dungyen_200_SAFE.csv,2026-09-27T13:21:27.809,14.365,202.9,SAFE,SAFE,son,dungyen_200,
son_dungyen_200_SAFE.csv,2026-09-27T13:21:27.997,14.553,204.1,SAFE,SAFE,son,dungyen_200,
son_dungyen_200_SAFE.csv,2026-09-27T13:21:28.185,14.741,203.7,SAFE,SAFE,son,dungyen_200,
son_dungyen_200_SAFE.csv,2026-09-27T13:21:28.373,14.929,203.7,SAFE,SAFE,son,dungyen_200,
son_dungyen_200_SAFE.csv,2026-09-27T13:21:28.561,15.117,203.3,SAFE,SAFE,son,dungyen_200,
son_dungyen_200_SAFE.csv,2026-09-27T13:21:28.748,15.304,202.8,SAFE,SAFE,son,dungyen_200,
son_dungyen_200_SAFE.csv,2026-09-27T13:21:28.936,15.492,203.7,SAFE,SAFE,son,dungyen_200,
son_dungyen_200_SAFE.csv,2026-09-27T13:21:29.124,15.68,203.3,SAFE,SAFE,son,dungyen_200,
son_dungyen_200_SAFE.csv,2026-09-27T13:21:29.312,15.868,202.9,SAFE,SAFE,son,dungyen_200,
son_dungyen_200_SAFE.csv,2026-09-27T13:21:29.500,16.056,202.9,SAFE,SAFE,son,dungyen_200,
son_dungyen_200_SAFE.csv,2026-09-27T13:21:29.688,16.244,203.3,SAFE,SAFE,son,dungyen_200,
son_dungyen_200_SAFE.csv,2026-09-27T13:21:29.876,16.432,202.8,SAFE,SAFE,son,dungyen_200,
son_dungyen_200_SAFE.csv,2026-09-27T13:21:30.064,16.62,202.8,SAFE,SAFE,son,dungyen_200,
son_dungyen_200_SAFE.csv,2026-09-27T13:21:30.252,16.808,202.9,SAFE,SAFE,son,dungyen_200,
son_dungyen_200_SAFE.csv,2026-09-27T13:21:30.440,16.997,203.3,SAFE,SAFE,son,dungyen_200,
son_dungyen_200_SAFE.csv,2026-09-27T13:21:30.628,17.185,209.9,SAFE,SAFE,son,dungyen_200,
son_dungyen_200_SAFE.csv,2026-09-27T13:21:30.816,17.373,204.1,SAFE,SAFE,son,dungyen_200,
son_dungyen_200_SAFE.csv,2026-09-27T13:21:31.005,17.561,203.7,SAFE,SAFE,son,dungyen_200,
son_dungyen_200_SAFE.csv,2026-09-27T13:21:31.193,17.749,202.9,SAFE,SAFE,son,dungyen_200,
son_dungyen_200_SAFE.csv,2026-09-27T13:21:31.381,17.937,202.8,SAFE,SAFE,son,dungyen_200,
son_dungyen_200_SAFE.csv,2026-09-27T13:21:31.569,18.125,202.9,SAFE,SAFE,son,dungyen_200,
son_dungyen_200_SAFE.csv,2026-09-27T13:21:31.757,18.313,203.3,SAFE,SAFE,son,dungyen_200,
son_dungyen_200_SAFE.csv,2026-09-27T13:21:31.945,18.501,209.4,SAFE,SAFE,son,dungyen_200,
son_dungyen_200_SAFE.csv,2026-09-27T13:21:32.133,18.689,203.3,SAFE,SAFE,son,dungyen_200,
son_dungyen_200_SAFE.csv,2026-09-27T13:21:32.321,18.877,203.3,SAFE,SAFE,son,dungyen_200,
son_dungyen_200_SAFE.csv,2026-09-27T13:21:32.509,19.065,203.7,SAFE,SAFE,son,dungyen_200,
son_dungyen_200_SAFE.csv,2026-09-27T13:21:32.697,19.253,203.7,SAFE,SAFE,son,dungyen_200,
son_dungyen_200_SAFE.csv,2026-09-27T13:21:32.885,19.441,202.9,SAFE,SAFE,son,dungyen_200,
son_dungyen_200_SAFE.csv,2026-09-27T13:21:33.073,19.629,203.3,SAFE,SAFE,son,dungyen_200,
son_dungyen_200_SAFE.csv,2026-09-27T13:21:33.261,19.817,203.3,SAFE,SAFE,son,dungyen_200,
son_dungyen_200_SAFE.csv,2026-09-27T13:21:33.449,20.005,202.9,SAFE,SAFE,son,dungyen_200,
son_dungyen_200_SAFE.csv,2026-09-27T13:21:33.637,20.194,202.9,SAFE,SAFE,son,dungyen_200,
son_dungyen_200_SAFE.csv,2026-09-27T13:21:33.825,20.381,202.9,SAFE,SAFE,son,dungyen_200,
son_dungyen_200_SAFE.csv,2026-09-27T13:21:34.013,20.57,202.9,SAFE,SAFE,son,dungyen_200,
son_dungyen_200_SAFE.csv,2026-09-27T13:21:34.201,20.758,202.9,SAFE,SAFE,son,dungyen_200,
son_dungyen_200_SAFE.csv,2026-09-27T13:21:34.389,20.946,204.2,SAFE,SAFE,son,dungyen_200,
son_dungyen_200_SAFE.csv,2026-09-27T13:21:34.578,21.134,203.3,SAFE,SAFE,son,dungyen_200,
son_dungyen_200_SAFE.csv,2026-09-27T13:21:34.766,21.322,203.3,SAFE,SAFE,son,dungyen_200,
son_dungyen_200_SAFE.csv,2026-09-27T13:21:34.954,21.51,213.7,SAFE,SAFE,son,dungyen_200,
son_dungyen_200_SAFE.csv,2026-09-27T13:21:35.142,21.698,202.8,SAFE,SAFE,son,dungyen_200,
son_dungyen_200_SAFE.csv,2026-09-27T13:21:35.330,21.886,203.3,SAFE,SAFE,son,dungyen_200,
son_dungyen_200_SAFE.csv,2026-09-27T13:21:35.518,22.074,202.4,SAFE,SAFE,son,dungyen_200,
son_dungyen_200_SAFE.csv,2026-09-27T13:21:35.706,22.262,203.3,SAFE,SAFE,son,dungyen_200,
son_dungyen_200_SAFE.csv,2026-09-27T13:21:35.894,22.45,202.4,SAFE,SAFE,son,dungyen_200,
son_dungyen_200_SAFE.csv,2026-09-27T13:21:36.081,22.637,202.8,SAFE,SAFE,son,dungyen_200,
son_dungyen_200_SAFE.csv,2026-09-27T13:21:36.269,22.825,202.4,SAFE,SAFE,son,dungyen_200,
son_dungyen_200_SAFE.csv,2026-09-27T13:21:36.457,23.013,203.3,SAFE,SAFE,son,dungyen_200,
son_dungyen_200_SAFE.csv,2026-09-27T13:21:36.645,23.201,203.7,SAFE,SAFE,son,dungyen_200,
son_dungyen_200_SAFE.csv,2026-09-27T13:21:36.833,23.389,203.3,SAFE,SAFE,son,dungyen_200,
son_dungyen_200_SAFE.csv,2026-09-27T13:21:37.021,23.577,204.6,SAFE,SAFE,son,dungyen_200,
son_dungyen_200_SAFE.csv,2026-09-27T13:21:37.208,23.764,202.9,SAFE,SAFE,son,dungyen_200,
son_dungyen_200_SAFE.csv,2026-09-27T13:21:37.397,23.953,202.4,SAFE,SAFE,son,dungyen_200,
son_dungyen_200_SAFE.csv,2026-09-27T13:21:37.584,24.14,202.9,SAFE,SAFE,son,dungyen_200,
son_dungyen_200_SAFE.csv,2026-09-27T13:21:37.772,24.328,202.4,SAFE,SAFE,son,dungyen_200,
son_dungyen_200_SAFE.csv,2026-09-27T13:21:37.960,24.516,203.3,SAFE,SAFE,son,dungyen_200,
son_dungyen_200_SAFE.csv,2026-09-27T13:21:38.148,24.704,204.1,SAFE,SAFE,son,dungyen_200,
son_dungyen_200_SAFE.csv,2026-09-27T13:21:38.336,24.892,203.7,SAFE,SAFE,son,dungyen_200,
son_dungyen_200_SAFE.csv,2026-09-27T13:21:38.525,25.081,202.8,SAFE,SAFE,son,dungyen_200,
son_dungyen_200_SAFE.csv,2026-09-27T13:21:38.718,25.275,203.2,SAFE,SAFE,son,dungyen_200,
son_dungyen_200_SAFE.csv,2026-09-27T13:21:38.901,25.457,202.8,SAFE,SAFE,son,dungyen_200,
son_dungyen_200_SAFE.csv,2026-09-27T13:21:39.089,25.645,202.8,SAFE,SAFE,son,dungyen_200,
son_dungyen_200_SAFE.csv,2026-09-27T13:21:39.277,25.834,203.7,SAFE,SAFE,son,dungyen_200,
son_dungyen_200_SAFE.csv,2026-09-27T13:21:39.466,26.022,203.3,SAFE,SAFE,son,dungyen_200,
son_dungyen_200_SAFE.csv,2026-09-27T13:21:39.652,26.208,202.8,SAFE,SAFE,son,dungyen_200,
son_dungyen_200_SAFE.csv,2026-09-27T13:21:39.840,26.396,203.2,SAFE,SAFE,son,dungyen_200,
son_dungyen_200_SAFE.csv,2026-09-27T13:21:40.030,26.586,202.4,SAFE,SAFE,son,dungyen_200,
son_dungyen_200_SAFE.csv,2026-09-27T13:21:40.217,26.773,203.2,SAFE,SAFE,son,dungyen_200,
son_dungyen_200_SAFE.csv,2026-09-27T13:21:40.405,26.961,203.2,SAFE,SAFE,son,dungyen_200,
son_dungyen_200_SAFE.csv,2026-09-27T13:21:40.593,27.149,202.9,SAFE,SAFE,son,dungyen_200,
son_dungyen_200_SAFE.csv,2026-09-27T13:21:40.781,27.337,203.2,SAFE,SAFE,son,dungyen_200,
son_dungyen_200_SAFE.csv,2026-09-27T13:21:40.969,27.525,203.7,SAFE,SAFE,son,dungyen_200,
son_dungyen_200_SAFE.csv,2026-09-27T13:21:41.157,27.713,203.2,SAFE,SAFE,son,dungyen_200,
son_dungyen_200_SAFE.csv,2026-09-27T13:21:41.345,27.901,202.4,SAFE,SAFE,son,dungyen_200,
son_dungyen_200_SAFE.csv,2026-09-27T13:21:41.533,28.089,201.9,SAFE,SAFE,son,dungyen_200,
son_dungyen_200_SAFE.csv,2026-09-27T13:21:41.721,28.277,202.4,SAFE,SAFE,son,dungyen_200,
son_dungyen_20_DANGER.csv,2026-09-27T13:52:18.726,0.042,21.9,DANGER,EMERGENCY,son,dungyen_20,
son_dungyen_20_DANGER.csv,2026-09-27T13:52:18.892,0.207,21.9,DANGER,EMERGENCY,son,dungyen_20,
son_dungyen_20_DANGER.csv,2026-09-27T13:52:19.058,0.374,21.9,DANGER,EMERGENCY,son,dungyen_20,
son_dungyen_20_DANGER.csv,2026-09-27T13:52:19.224,0.539,21.9,DANGER,EMERGENCY,son,dungyen_20,
son_dungyen_20_DANGER.csv,2026-09-27T13:52:19.390,0.705,21.9,DANGER,EMERGENCY,son,dungyen_20,
son_dungyen_20_DANGER.csv,2026-09-27T13:52:19.556,0.871,22.2,DANGER,EMERGENCY,son,dungyen_20,
son_dungyen_20_DANGER.csv,2026-09-27T13:52:19.722,1.037,20.9,DANGER,EMERGENCY,son,dungyen_20,
son_dungyen_20_DANGER.csv,2026-09-27T13:52:19.888,1.203,20.9,DANGER,EMERGENCY,son,dungyen_20,
son_dungyen_20_DANGER.csv,2026-09-27T13:52:20.054,1.369,20.9,DANGER,EMERGENCY,son,dungyen_20,
son_dungyen_20_DANGER.csv,2026-09-27T13:52:20.220,1.535,22.5,DANGER,EMERGENCY,son,dungyen_20,
son_dungyen_20_DANGER.csv,2026-09-27T13:52:20.386,1.701,21.2,DANGER,EMERGENCY,son,dungyen_20,
son_dungyen_20_DANGER.csv,2026-09-27T13:52:20.552,1.867,22.5,DANGER,EMERGENCY,son,dungyen_20,
son_dungyen_20_DANGER.csv,2026-09-27T13:52:20.718,2.033,21.2,DANGER,EMERGENCY,son,dungyen_20,
son_dungyen_20_DANGER.csv,2026-09-27T13:52:20.884,2.199,22.5,DANGER,EMERGENCY,son,dungyen_20,
son_dungyen_20_DANGER.csv,2026-09-27T13:52:21.050,2.365,20.9,DANGER,EMERGENCY,son,dungyen_20,
son_dungyen_20_DANGER.csv,2026-09-27T13:52:21.216,2.531,22.2,DANGER,EMERGENCY,son,dungyen_20,
son_dungyen_20_DANGER.csv,2026-09-27T13:52:21.382,2.697,22.2,DANGER,EMERGENCY,son,dungyen_20,
son_dungyen_20_DANGER.csv,2026-09-27T13:52:21.548,2.863,20.6,DANGER,EMERGENCY,son,dungyen_20,
son_dungyen_20_DANGER.csv,2026-09-27T13:52:21.714,3.029,21.9,DANGER,EMERGENCY,son,dungyen_20,
son_dungyen_20_DANGER.csv,2026-09-27T13:52:21.880,3.196,21.9,DANGER,EMERGENCY,son,dungyen_20,
son_dungyen_20_DANGER.csv,2026-09-27T13:52:22.046,3.362,21.9,DANGER,EMERGENCY,son,dungyen_20,
son_dungyen_20_DANGER.csv,2026-09-27T13:52:22.212,3.528,21.9,DANGER,EMERGENCY,son,dungyen_20,
son_dungyen_20_DANGER.csv,2026-09-27T13:52:22.378,3.694,21.9,DANGER,EMERGENCY,son,dungyen_20,
son_dungyen_20_DANGER.csv,2026-09-27T13:52:22.544,3.86,21.9,DANGER,EMERGENCY,son,dungyen_20,
son_dungyen_20_DANGER.csv,2026-09-27T13:52:22.710,4.026,23.2,DANGER,EMERGENCY,son,dungyen_20,
son_dungyen_20_DANGER.csv,2026-09-27T13:52:22.876,4.191,21.6,DANGER,EMERGENCY,son,dungyen_20,
son_dungyen_20_DANGER.csv,2026-09-27T13:52:23.042,4.357,21.6,DANGER,EMERGENCY,son,dungyen_20,
son_dungyen_20_DANGER.csv,2026-09-27T13:52:23.208,4.523,21.2,DANGER,EMERGENCY,son,dungyen_20,
son_dungyen_20_DANGER.csv,2026-09-27T13:52:23.374,4.689,21.2,DANGER,EMERGENCY,son,dungyen_20,
son_dungyen_20_DANGER.csv,2026-09-27T13:52:23.540,4.855,23.4,DANGER,EMERGENCY,son,dungyen_20,
son_dungyen_20_DANGER.csv,2026-09-27T13:52:23.706,5.021,20.9,DANGER,EMERGENCY,son,dungyen_20,
son_dungyen_20_DANGER.csv,2026-09-27T13:52:23.872,5.187,20.9,DANGER,EMERGENCY,son,dungyen_20,
son_dungyen_20_DANGER.csv,2026-09-27T13:52:24.038,5.353,22.2,DANGER,EMERGENCY,son,dungyen_20,
son_dungyen_20_DANGER.csv,2026-09-27T13:52:24.204,5.519,22.2,DANGER,EMERGENCY,son,dungyen_20,
son_dungyen_20_DANGER.csv,2026-09-27T13:52:24.370,5.686,22.2,DANGER,EMERGENCY,son,dungyen_20,
son_dungyen_20_DANGER.csv,2026-09-27T13:52:24.536,5.851,21.9,DANGER,EMERGENCY,son,dungyen_20,
son_dungyen_20_DANGER.csv,2026-09-27T13:52:24.702,6.017,21.9,DANGER,EMERGENCY,son,dungyen_20,
son_dungyen_20_DANGER.csv,2026-09-27T13:52:24.868,6.183,21.9,DANGER,EMERGENCY,son,dungyen_20,
son_dungyen_20_DANGER.csv,2026-09-27T13:52:25.034,6.349,21.9,DANGER,EMERGENCY,son,dungyen_20,
son_dungyen_20_DANGER.csv,2026-09-27T13:52:25.200,6.515,21.9,DANGER,EMERGENCY,son,dungyen_20,
son_dungyen_20_DANGER.csv,2026-09-27T13:52:25.366,6.681,21.9,DANGER,EMERGENCY,son,dungyen_20,
son_dungyen_20_DANGER.csv,2026-09-27T13:52:25.532,6.847,21.9,DANGER,EMERGENCY,son,dungyen_20,
son_dungyen_20_DANGER.csv,2026-09-27T13:52:25.698,7.013,21.9,DANGER,EMERGENCY,son,dungyen_20,
son_dungyen_20_DANGER.csv,2026-09-27T13:52:25.864,7.18,21.9,DANGER,EMERGENCY,son,dungyen_20,
son_dungyen_20_DANGER.csv,2026-09-27T13:52:26.030,7.346,24.0,DANGER,EMERGENCY,son,dungyen_20,
son_dungyen_20_DANGER.csv,2026-09-27T13:52:26.196,7.512,24.0,DANGER,EMERGENCY,son,dungyen_20,
son_dungyen_20_DANGER.csv,2026-09-27T13:52:26.362,7.678,21.5,DANGER,EMERGENCY,son,dungyen_20,
son_dungyen_20_DANGER.csv,2026-09-27T13:52:26.528,7.844,22.8,DANGER,EMERGENCY,son,dungyen_20,
son_dungyen_20_DANGER.csv,2026-09-27T13:52:26.695,8.011,21.2,DANGER,EMERGENCY,son,dungyen_20,
son_dungyen_20_DANGER.csv,2026-09-27T13:52:26.862,8.178,22.5,DANGER,EMERGENCY,son,dungyen_20,
son_dungyen_20_DANGER.csv,2026-09-27T13:52:27.028,8.344,22.5,DANGER,EMERGENCY,son,dungyen_20,
son_dungyen_20_DANGER.csv,2026-09-27T13:52:27.194,8.51,22.5,DANGER,EMERGENCY,son,dungyen_20,
son_dungyen_20_DANGER.csv,2026-09-27T13:52:27.361,8.677,22.5,DANGER,EMERGENCY,son,dungyen_20,
son_dungyen_20_DANGER.csv,2026-09-27T13:52:27.528,8.844,22.5,DANGER,EMERGENCY,son,dungyen_20,
son_dungyen_20_DANGER.csv,2026-09-27T13:52:27.693,9.009,22.5,DANGER,EMERGENCY,son,dungyen_20,
son_dungyen_20_DANGER.csv,2026-09-27T13:52:27.860,9.176,21.5,DANGER,EMERGENCY,son,dungyen_20,
son_dungyen_20_DANGER.csv,2026-09-27T13:52:28.027,9.342,21.5,DANGER,EMERGENCY,son,dungyen_20,
son_dungyen_20_DANGER.csv,2026-09-27T13:52:28.193,9.509,24.0,DANGER,EMERGENCY,son,dungyen_20,
son_dungyen_20_DANGER.csv,2026-09-27T13:52:28.360,9.676,21.6,DANGER,EMERGENCY,son,dungyen_20,
son_dungyen_20_DANGER.csv,2026-09-27T13:52:28.526,9.842,21.6,DANGER,EMERGENCY,son,dungyen_20,
son_dungyen_20_DANGER.csv,2026-09-27T13:52:28.692,10.008,21.5,DANGER,EMERGENCY,son,dungyen_20,
son_dungyen_20_DANGER.csv,2026-09-27T13:52:28.859,10.174,21.6,DANGER,EMERGENCY,son,dungyen_20,
son_dungyen_20_DANGER.csv,2026-09-27T13:52:29.025,10.34,21.6,DANGER,EMERGENCY,son,dungyen_20,
son_dungyen_20_DANGER.csv,2026-09-27T13:52:29.190,10.506,22.9,DANGER,EMERGENCY,son,dungyen_20,
son_dungyen_20_DANGER.csv,2026-09-27T13:52:29.357,10.672,22.8,DANGER,EMERGENCY,son,dungyen_20,
son_dungyen_20_DANGER.csv,2026-09-27T13:52:29.523,10.838,21.6,DANGER,EMERGENCY,son,dungyen_20,
son_dungyen_20_DANGER.csv,2026-09-27T13:52:29.689,11.004,21.6,DANGER,EMERGENCY,son,dungyen_20,
son_dungyen_20_DANGER.csv,2026-09-27T13:52:29.855,11.17,21.6,DANGER,EMERGENCY,son,dungyen_20,
son_dungyen_20_DANGER.csv,2026-09-27T13:52:30.021,11.336,21.6,DANGER,EMERGENCY,son,dungyen_20,
son_dungyen_20_DANGER.csv,2026-09-27T13:52:30.187,11.502,21.5,DANGER,EMERGENCY,son,dungyen_20,
son_dungyen_20_DANGER.csv,2026-09-27T13:52:30.353,11.669,21.6,DANGER,EMERGENCY,son,dungyen_20,
son_dungyen_20_DANGER.csv,2026-09-27T13:52:30.519,11.835,21.6,DANGER,EMERGENCY,son,dungyen_20,
son_dungyen_20_DANGER.csv,2026-09-27T13:52:30.685,12.001,21.6,DANGER,EMERGENCY,son,dungyen_20,
son_dungyen_20_DANGER.csv,2026-09-27T13:52:30.851,12.167,21.6,DANGER,EMERGENCY,son,dungyen_20,
son_dungyen_20_DANGER.csv,2026-09-27T13:52:31.017,12.333,22.8,DANGER,EMERGENCY,son,dungyen_20,
son_dungyen_20_DANGER.csv,2026-09-27T13:52:31.183,12.499,22.8,DANGER,EMERGENCY,son,dungyen_20,
son_dungyen_20_DANGER.csv,2026-09-27T13:52:31.350,12.666,22.8,DANGER,EMERGENCY,son,dungyen_20,
son_dungyen_20_DANGER.csv,2026-09-27T13:52:31.516,12.832,21.2,DANGER,EMERGENCY,son,dungyen_20,
son_dungyen_20_DANGER.csv,2026-09-27T13:52:31.682,12.998,21.2,DANGER,EMERGENCY,son,dungyen_20,
son_dungyen_20_DANGER.csv,2026-09-27T13:52:31.848,13.164,22.5,DANGER,EMERGENCY,son,dungyen_20,
son_dungyen_20_DANGER.csv,2026-09-27T13:52:32.014,13.33,22.2,DANGER,EMERGENCY,son,dungyen_20,
son_dungyen_20_DANGER.csv,2026-09-27T13:52:32.180,13.496,22.2,DANGER,EMERGENCY,son,dungyen_20,
son_dungyen_20_DANGER.csv,2026-09-27T13:52:32.346,13.662,22.2,DANGER,EMERGENCY,son,dungyen_20,
son_dungyen_20_DANGER.csv,2026-09-27T13:52:32.512,13.828,22.2,DANGER,EMERGENCY,son,dungyen_20,
son_dungyen_20_DANGER.csv,2026-09-27T13:52:32.679,13.995,22.5,DANGER,EMERGENCY,son,dungyen_20,
son_dungyen_20_DANGER.csv,2026-09-27T13:52:32.845,14.161,22.5,DANGER,EMERGENCY,son,dungyen_20,
son_dungyen_20_DANGER.csv,2026-09-27T13:52:33.011,14.327,22.5,DANGER,EMERGENCY,son,dungyen_20,
son_dungyen_20_DANGER.csv,2026-09-27T13:52:33.177,14.492,22.5,DANGER,EMERGENCY,son,dungyen_20,
son_dungyen_20_DANGER.csv,2026-09-27T13:52:33.343,14.659,22.5,DANGER,EMERGENCY,son,dungyen_20,
son_dungyen_20_DANGER.csv,2026-09-27T13:52:33.509,14.824,22.5,DANGER,EMERGENCY,son,dungyen_20,
son_dungyen_20_DANGER.csv,2026-09-27T13:52:33.675,14.991,22.5,DANGER,EMERGENCY,son,dungyen_20,
son_dungyen_20_DANGER.csv,2026-09-27T13:52:33.841,15.157,21.2,DANGER,EMERGENCY,son,dungyen_20,
son_dungyen_20_DANGER.csv,2026-09-27T13:52:34.007,15.322,22.5,DANGER,EMERGENCY,son,dungyen_20,
son_dungyen_20_DANGER.csv,2026-09-27T13:52:34.173,15.489,22.5,DANGER,EMERGENCY,son,dungyen_20,
son_dungyen_20_DANGER.csv,2026-09-27T13:52:34.340,15.655,22.5,DANGER,EMERGENCY,son,dungyen_20,
son_dungyen_20_DANGER.csv,2026-09-27T13:52:34.506,15.821,22.5,DANGER,EMERGENCY,son,dungyen_20,
son_dungyen_20_DANGER.csv,2026-09-27T13:52:34.672,15.987,22.5,DANGER,EMERGENCY,son,dungyen_20,
son_dungyen_20_DANGER.csv,2026-09-27T13:52:34.838,16.153,22.5,DANGER,EMERGENCY,son,dungyen_20,
son_dungyen_20_DANGER.csv,2026-09-27T13:52:35.004,16.319,22.5,DANGER,EMERGENCY,son,dungyen_20,
son_dungyen_20_DANGER.csv,2026-09-27T13:52:35.170,16.485,22.5,DANGER,EMERGENCY,son,dungyen_20,
son_dungyen_20_DANGER.csv,2026-09-27T13:52:35.336,16.652,22.5,DANGER,EMERGENCY,son,dungyen_20,
son_dungyen_20_DANGER.csv,2026-09-27T13:52:35.502,16.818,23.4,DANGER,EMERGENCY,son,dungyen_20,
son_dungyen_20_DANGER.csv,2026-09-27T13:52:35.668,16.984,22.2,DANGER,EMERGENCY,son,dungyen_20,
son_dungyen_20_DANGER.csv,2026-09-27T13:52:35.834,17.15,22.2,DANGER,EMERGENCY,son,dungyen_20,
son_dungyen_20_DANGER.csv,2026-09-27T13:52:36.000,17.316,22.2,DANGER,EMERGENCY,son,dungyen_20,
son_dungyen_20_DANGER.csv,2026-09-27T13:52:36.166,17.482,22.2,DANGER,EMERGENCY,son,dungyen_20,
son_dungyen_20_DANGER.csv,2026-09-27T13:52:36.332,17.648,23.4,DANGER,EMERGENCY,son,dungyen_20,
son_dungyen_20_DANGER.csv,2026-09-27T13:52:37.511,18.827,23.4,DANGER,EMERGENCY,son,dungyen_20,
son_dungyen_20_DANGER.csv,2026-09-27T13:52:37.513,18.829,22.5,DANGER,EMERGENCY,son,dungyen_20,
son_dungyen_20_DANGER.csv,2026-09-27T13:52:37.516,18.832,22.5,DANGER,EMERGENCY,son,dungyen_20,
son_dungyen_20_DANGER.csv,2026-09-27T13:52:37.518,18.834,22.5,DANGER,EMERGENCY,son,dungyen_20,
son_dungyen_20_DANGER.csv,2026-09-27T13:52:37.520,18.836,22.5,DANGER,EMERGENCY,son,dungyen_20,
son_dungyen_20_DANGER.csv,2026-09-27T13:52:37.522,18.838,22.5,DANGER,EMERGENCY,son,dungyen_20,
son_dungyen_20_DANGER.csv,2026-09-27T13:52:37.660,18.975,23.4,DANGER,EMERGENCY,son,dungyen_20,
son_dungyen_20_DANGER.csv,2026-09-27T13:52:37.826,19.141,22.2,DANGER,EMERGENCY,son,dungyen_20,
son_dungyen_20_DANGER.csv,2026-09-27T13:52:37.992,19.307,21.9,DANGER,EMERGENCY,son,dungyen_20,
son_dungyen_20_DANGER.csv,2026-09-27T13:52:38.158,19.473,22.8,DANGER,EMERGENCY,son,dungyen_20,
son_dungyen_20_DANGER.csv,2026-09-27T13:52:38.324,19.64,22.9,DANGER,EMERGENCY,son,dungyen_20,
son_dungyen_20_DANGER.csv,2026-09-27T13:52:38.492,19.807,22.9,DANGER,EMERGENCY,son,dungyen_20,
son_dungyen_30_DANGER.csv,2026-09-27T13:46:44.780,0.078,30.7,DANGER,EMERGENCY,son,dungyen_30,
son_dungyen_30_DANGER.csv,2026-09-27T13:46:44.949,0.247,31.5,DANGER,EMERGENCY,son,dungyen_30,
son_dungyen_30_DANGER.csv,2026-09-27T13:46:45.117,0.415,30.7,DANGER,EMERGENCY,son,dungyen_30,
son_dungyen_30_DANGER.csv,2026-09-27T13:46:45.287,0.585,30.7,DANGER,EMERGENCY,son,dungyen_30,
son_dungyen_30_DANGER.csv,2026-09-27T13:46:45.455,0.754,32.1,DANGER,EMERGENCY,son,dungyen_30,
son_dungyen_30_DANGER.csv,2026-09-27T13:46:45.623,0.922,32.1,DANGER,EMERGENCY,son,dungyen_30,
son_dungyen_30_DANGER.csv,2026-09-27T13:46:45.792,1.09,30.7,DANGER,EMERGENCY,son,dungyen_30,
son_dungyen_30_DANGER.csv,2026-09-27T13:46:45.961,1.259,30.7,DANGER,EMERGENCY,son,dungyen_30,
son_dungyen_30_DANGER.csv,2026-09-27T13:46:46.130,1.428,29.9,DANGER,EMERGENCY,son,dungyen_30,
son_dungyen_30_DANGER.csv,2026-09-27T13:46:46.298,1.596,30.7,DANGER,EMERGENCY,son,dungyen_30,
son_dungyen_30_DANGER.csv,2026-09-27T13:46:46.467,1.765,29.9,DANGER,EMERGENCY,son,dungyen_30,
son_dungyen_30_DANGER.csv,2026-09-27T13:46:46.636,1.934,29.9,DANGER,EMERGENCY,son,dungyen_30,
son_dungyen_30_DANGER.csv,2026-09-27T13:46:46.804,2.102,29.9,DANGER,EMERGENCY,son,dungyen_30,
son_dungyen_30_DANGER.csv,2026-09-27T13:46:46.973,2.272,30.5,DANGER,EMERGENCY,son,dungyen_30,
son_dungyen_30_DANGER.csv,2026-09-27T13:46:47.143,2.441,29.9,DANGER,EMERGENCY,son,dungyen_30,
son_dungyen_30_DANGER.csv,2026-09-27T13:46:47.311,2.61,30.5,DANGER,EMERGENCY,son,dungyen_30,
son_dungyen_30_DANGER.csv,2026-09-27T13:46:47.481,2.779,29.9,DANGER,EMERGENCY,son,dungyen_30,
son_dungyen_30_DANGER.csv,2026-09-27T13:46:47.651,2.949,29.9,DANGER,EMERGENCY,son,dungyen_30,
son_dungyen_30_DANGER.csv,2026-09-27T13:46:47.821,3.12,29.9,DANGER,EMERGENCY,son,dungyen_30,
son_dungyen_30_DANGER.csv,2026-09-27T13:46:47.989,3.288,29.9,DANGER,EMERGENCY,son,dungyen_30,
son_dungyen_30_DANGER.csv,2026-09-27T13:46:48.157,3.456,31.3,DANGER,EMERGENCY,son,dungyen_30,
son_dungyen_30_DANGER.csv,2026-09-27T13:46:48.325,3.624,30.5,DANGER,EMERGENCY,son,dungyen_30,
son_dungyen_30_DANGER.csv,2026-09-27T13:46:48.493,3.792,30.5,DANGER,EMERGENCY,son,dungyen_30,
son_dungyen_30_DANGER.csv,2026-09-27T13:46:48.661,3.96,31.8,DANGER,EMERGENCY,son,dungyen_30,
son_dungyen_30_DANGER.csv,2026-09-27T13:46:48.829,4.128,29.7,DANGER,EMERGENCY,son,dungyen_30,
son_dungyen_30_DANGER.csv,2026-09-27T13:46:48.997,4.296,31.0,DANGER,EMERGENCY,son,dungyen_30,
son_dungyen_30_DANGER.csv,2026-09-27T13:46:49.165,4.464,31.0,DANGER,EMERGENCY,son,dungyen_30,
son_dungyen_30_DANGER.csv,2026-09-27T13:46:49.333,4.632,31.0,DANGER,EMERGENCY,son,dungyen_30,
son_dungyen_30_DANGER.csv,2026-09-27T13:46:49.501,4.8,30.2,DANGER,EMERGENCY,son,dungyen_30,
son_dungyen_30_DANGER.csv,2026-09-27T13:46:49.670,4.968,31.5,DANGER,EMERGENCY,son,dungyen_30,
son_dungyen_30_DANGER.csv,2026-09-27T13:46:49.838,5.136,30.7,DANGER,EMERGENCY,son,dungyen_30,
son_dungyen_30_DANGER.csv,2026-09-27T13:46:50.006,5.304,30.7,DANGER,EMERGENCY,son,dungyen_30,
son_dungyen_30_DANGER.csv,2026-09-27T13:46:50.174,5.472,30.7,DANGER,EMERGENCY,son,dungyen_30,
son_dungyen_30_DANGER.csv,2026-09-27T13:46:50.342,5.64,30.7,DANGER,EMERGENCY,son,dungyen_30,
son_dungyen_30_DANGER.csv,2026-09-27T13:46:50.510,5.808,30.7,DANGER,EMERGENCY,son,dungyen_30,
son_dungyen_30_DANGER.csv,2026-09-27T13:46:50.678,5.976,30.7,DANGER,EMERGENCY,son,dungyen_30,
son_dungyen_30_DANGER.csv,2026-09-27T13:46:50.845,6.144,30.7,DANGER,EMERGENCY,son,dungyen_30,
son_dungyen_30_DANGER.csv,2026-09-27T13:46:51.013,6.312,30.7,DANGER,EMERGENCY,son,dungyen_30,
son_dungyen_30_DANGER.csv,2026-09-27T13:46:51.181,6.48,29.9,DANGER,EMERGENCY,son,dungyen_30,
son_dungyen_30_DANGER.csv,2026-09-27T13:46:51.349,6.648,31.3,DANGER,EMERGENCY,son,dungyen_30,
son_dungyen_30_DANGER.csv,2026-09-27T13:46:51.517,6.816,31.3,DANGER,EMERGENCY,son,dungyen_30,
son_dungyen_30_DANGER.csv,2026-09-27T13:46:51.685,6.983,31.3,DANGER,EMERGENCY,son,dungyen_30,
son_dungyen_30_DANGER.csv,2026-09-27T13:46:51.853,7.152,29.9,DANGER,EMERGENCY,son,dungyen_30,
son_dungyen_30_DANGER.csv,2026-09-27T13:46:52.021,7.32,29.9,DANGER,EMERGENCY,son,dungyen_30,
son_dungyen_30_DANGER.csv,2026-09-27T13:46:52.189,7.488,29.9,DANGER,EMERGENCY,son,dungyen_30,
son_dungyen_30_DANGER.csv,2026-09-27T13:46:52.357,7.656,30.7,DANGER,EMERGENCY,son,dungyen_30,
son_dungyen_30_DANGER.csv,2026-09-27T13:46:52.525,7.824,30.7,DANGER,EMERGENCY,son,dungyen_30,
son_dungyen_30_DANGER.csv,2026-09-27T13:46:52.693,7.992,30.7,DANGER,EMERGENCY,son,dungyen_30,
son_dungyen_30_DANGER.csv,2026-09-27T13:46:52.861,8.16,30.2,DANGER,EMERGENCY,son,dungyen_30,
son_dungyen_30_DANGER.csv,2026-09-27T13:46:53.029,8.328,30.7,DANGER,EMERGENCY,son,dungyen_30,
son_dungyen_30_DANGER.csv,2026-09-27T13:46:53.197,8.496,30.7,DANGER,EMERGENCY,son,dungyen_30,
son_dungyen_30_DANGER.csv,2026-09-27T13:46:53.365,8.664,30.7,DANGER,EMERGENCY,son,dungyen_30,
son_dungyen_30_DANGER.csv,2026-09-27T13:46:53.533,8.832,30.7,DANGER,EMERGENCY,son,dungyen_30,
son_dungyen_30_DANGER.csv,2026-09-27T13:46:53.703,9.002,63.6,DANGER,EMERGENCY,son,dungyen_30,
son_dungyen_30_DANGER.csv,2026-09-27T13:46:53.871,9.17,31.3,DANGER,EMERGENCY,son,dungyen_30,
son_dungyen_30_DANGER.csv,2026-09-27T13:46:54.039,9.338,31.3,DANGER,EMERGENCY,son,dungyen_30,
son_dungyen_30_DANGER.csv,2026-09-27T13:46:54.207,9.506,30.5,DANGER,EMERGENCY,son,dungyen_30,
son_dungyen_30_DANGER.csv,2026-09-27T13:46:54.376,9.674,38.7,DANGER,EMERGENCY,son,dungyen_30,
son_dungyen_30_DANGER.csv,2026-09-27T13:46:54.544,9.842,30.5,DANGER,EMERGENCY,son,dungyen_30,
son_dungyen_30_DANGER.csv,2026-09-27T13:46:54.712,10.01,29.9,DANGER,EMERGENCY,son,dungyen_30,
son_dungyen_30_DANGER.csv,2026-09-27T13:46:54.880,10.178,32.1,DANGER,EMERGENCY,son,dungyen_30,
son_dungyen_30_DANGER.csv,2026-09-27T13:46:55.048,10.346,29.9,DANGER,EMERGENCY,son,dungyen_30,
son_dungyen_30_DANGER.csv,2026-09-27T13:46:55.216,10.514,29.9,DANGER,EMERGENCY,son,dungyen_30,
son_dungyen_30_DANGER.csv,2026-09-27T13:46:55.383,10.682,29.9,DANGER,EMERGENCY,son,dungyen_30,
son_dungyen_30_DANGER.csv,2026-09-27T13:46:55.551,10.85,31.3,DANGER,EMERGENCY,son,dungyen_30,
son_dungyen_30_DANGER.csv,2026-09-27T13:46:55.719,11.018,31.2,DANGER,EMERGENCY,son,dungyen_30,
son_dungyen_30_DANGER.csv,2026-09-27T13:46:55.887,11.186,31.3,DANGER,EMERGENCY,son,dungyen_30,
son_dungyen_30_DANGER.csv,2026-09-27T13:46:56.055,11.354,30.5,DANGER,EMERGENCY,son,dungyen_30,
son_dungyen_30_DANGER.csv,2026-09-27T13:46:56.223,11.522,31.0,DANGER,EMERGENCY,son,dungyen_30,
son_dungyen_30_DANGER.csv,2026-09-27T13:46:56.392,11.69,31.0,DANGER,EMERGENCY,son,dungyen_30,
son_dungyen_30_DANGER.csv,2026-09-27T13:46:56.560,11.858,30.2,DANGER,EMERGENCY,son,dungyen_30,
son_dungyen_30_DANGER.csv,2026-09-27T13:46:56.728,12.026,31.0,DANGER,EMERGENCY,son,dungyen_30,
son_dungyen_30_DANGER.csv,2026-09-27T13:46:56.896,12.194,31.0,DANGER,EMERGENCY,son,dungyen_30,
son_dungyen_30_DANGER.csv,2026-09-27T13:46:57.063,12.362,30.5,DANGER,EMERGENCY,son,dungyen_30,
son_dungyen_30_DANGER.csv,2026-09-27T13:46:57.232,12.53,30.5,DANGER,EMERGENCY,son,dungyen_30,
son_dungyen_30_DANGER.csv,2026-09-27T13:46:57.399,12.698,30.5,DANGER,EMERGENCY,son,dungyen_30,
son_dungyen_30_DANGER.csv,2026-09-27T13:46:57.567,12.866,30.4,DANGER,EMERGENCY,son,dungyen_30,
son_dungyen_30_DANGER.csv,2026-09-27T13:46:57.735,13.034,30.5,DANGER,EMERGENCY,son,dungyen_30,
son_dungyen_30_DANGER.csv,2026-09-27T13:46:57.903,13.202,30.5,DANGER,EMERGENCY,son,dungyen_30,
son_dungyen_30_DANGER.csv,2026-09-27T13:46:58.071,13.37,30.5,DANGER,EMERGENCY,son,dungyen_30,
son_dungyen_30_DANGER.csv,2026-09-27T13:46:58.239,13.538,30.5,DANGER,EMERGENCY,son,dungyen_30,
son_dungyen_30_DANGER.csv,2026-09-27T13:46:58.407,13.706,31.2,DANGER,EMERGENCY,son,dungyen_30,
son_dungyen_30_DANGER.csv,2026-09-27T13:46:58.576,13.874,29.9,DANGER,EMERGENCY,son,dungyen_30,
son_dungyen_30_DANGER.csv,2026-09-27T13:46:58.743,14.042,29.9,DANGER,EMERGENCY,son,dungyen_30,
son_dungyen_30_DANGER.csv,2026-09-27T13:46:58.911,14.21,30.5,DANGER,EMERGENCY,son,dungyen_30,
son_dungyen_30_DANGER.csv,2026-09-27T13:46:59.080,14.378,30.5,DANGER,EMERGENCY,son,dungyen_30,
son_dungyen_30_DANGER.csv,2026-09-27T13:46:59.248,14.546,30.5,DANGER,EMERGENCY,son,dungyen_30,
son_dungyen_30_DANGER.csv,2026-09-27T13:46:59.416,14.714,30.5,DANGER,EMERGENCY,son,dungyen_30,
son_dungyen_30_DANGER.csv,2026-09-27T13:46:59.584,14.882,30.5,DANGER,EMERGENCY,son,dungyen_30,
son_dungyen_30_DANGER.csv,2026-09-27T13:46:59.752,15.05,31.8,DANGER,EMERGENCY,son,dungyen_30,
son_dungyen_30_DANGER.csv,2026-09-27T13:46:59.920,15.218,31.0,DANGER,EMERGENCY,son,dungyen_30,
son_dungyen_30_DANGER.csv,2026-09-27T13:47:00.088,15.386,31.8,DANGER,EMERGENCY,son,dungyen_30,
son_dungyen_30_DANGER.csv,2026-09-27T13:47:00.256,15.554,35.3,DANGER,EMERGENCY,son,dungyen_30,
son_dungyen_30_DANGER.csv,2026-09-27T13:47:00.424,15.722,30.5,DANGER,EMERGENCY,son,dungyen_30,
son_dungyen_30_DANGER.csv,2026-09-27T13:47:00.592,15.89,30.5,DANGER,EMERGENCY,son,dungyen_30,
son_dungyen_30_DANGER.csv,2026-09-27T13:47:00.760,16.058,32.6,DANGER,EMERGENCY,son,dungyen_30,
son_dungyen_30_DANGER.csv,2026-09-27T13:47:00.928,16.226,30.5,DANGER,EMERGENCY,son,dungyen_30,
son_dungyen_30_DANGER.csv,2026-09-27T13:47:01.096,16.394,31.0,DANGER,EMERGENCY,son,dungyen_30,
son_dungyen_30_DANGER.csv,2026-09-27T13:47:01.264,16.562,31.0,DANGER,EMERGENCY,son,dungyen_30,
son_dungyen_30_DANGER.csv,2026-09-27T13:47:01.432,16.73,32.3,DANGER,EMERGENCY,son,dungyen_30,
son_dungyen_30_DANGER.csv,2026-09-27T13:47:01.599,16.898,31.5,DANGER,EMERGENCY,son,dungyen_30,
son_dungyen_30_DANGER.csv,2026-09-27T13:47:01.768,17.066,31.5,DANGER,EMERGENCY,son,dungyen_30,
son_dungyen_30_DANGER.csv,2026-09-27T13:47:01.935,17.234,30.2,DANGER,EMERGENCY,son,dungyen_30,
son_dungyen_30_DANGER.csv,2026-09-27T13:47:02.103,17.402,31.0,DANGER,EMERGENCY,son,dungyen_30,
son_dungyen_30_DANGER.csv,2026-09-27T13:47:02.271,17.57,31.8,DANGER,EMERGENCY,son,dungyen_30,
son_dungyen_30_DANGER.csv,2026-09-27T13:47:02.439,17.738,31.3,DANGER,EMERGENCY,son,dungyen_30,
son_dungyen_30_DANGER.csv,2026-09-27T13:47:02.607,17.906,33.4,DANGER,EMERGENCY,son,dungyen_30,
son_dungyen_30_DANGER.csv,2026-09-27T13:47:02.776,18.074,32.1,DANGER,EMERGENCY,son,dungyen_30,
son_dungyen_30_DANGER.csv,2026-09-27T13:47:02.944,18.242,34.2,DANGER,EMERGENCY,son,dungyen_30,
son_dungyen_30_DANGER.csv,2026-09-27T13:47:03.111,18.41,33.4,DANGER,EMERGENCY,son,dungyen_30,
son_dungyen_30_DANGER.csv,2026-09-27T13:47:03.279,18.578,31.3,DANGER,EMERGENCY,son,dungyen_30,
son_dungyen_30_DANGER.csv,2026-09-27T13:47:03.448,18.746,31.3,DANGER,EMERGENCY,son,dungyen_30,
son_dungyen_30_DANGER.csv,2026-09-27T13:47:03.616,18.914,33.9,DANGER,EMERGENCY,son,dungyen_30,
son_dungyen_30_DANGER.csv,2026-09-27T13:47:03.784,19.082,33.9,DANGER,EMERGENCY,son,dungyen_30,
son_dungyen_30_DANGER.csv,2026-09-27T13:47:03.952,19.25,30.5,DANGER,EMERGENCY,son,dungyen_30,
son_dungyen_30_DANGER.csv,2026-09-27T13:47:04.120,19.418,31.8,DANGER,EMERGENCY,son,dungyen_30,
son_dungyen_30_DANGER.csv,2026-09-27T13:47:04.288,19.586,32.6,DANGER,EMERGENCY,son,dungyen_30,
son_dungyen_30_DANGER.csv,2026-09-27T13:47:04.456,19.754,30.5,DANGER,EMERGENCY,son,dungyen_30,
son_dungyen_30_DANGER.csv,2026-09-27T13:47:04.624,19.922,30.5,DANGER,EMERGENCY,son,dungyen_30,
son_dungyen_30_DANGER.csv,2026-09-27T13:47:04.792,20.09,30.5,DANGER,EMERGENCY,son,dungyen_30,
son_dungyen_30_DANGER.csv,2026-09-27T13:47:04.960,20.258,31.8,DANGER,EMERGENCY,son,dungyen_30,
son_dungyen_30_DANGER.csv,2026-09-27T13:47:05.128,20.426,31.0,DANGER,EMERGENCY,son,dungyen_30,
son_dungyen_30_DANGER.csv,2026-09-27T13:47:05.296,20.594,31.0,DANGER,EMERGENCY,son,dungyen_30,
son_dungyen_30_DANGER.csv,2026-09-27T13:47:05.463,20.762,31.0,DANGER,EMERGENCY,son,dungyen_30,
son_dungyen_30_DANGER.csv,2026-09-27T13:47:05.631,20.93,31.0,DANGER,EMERGENCY,son,dungyen_30,
son_dungyen_30_DANGER.csv,2026-09-27T13:47:05.800,21.098,31.0,DANGER,EMERGENCY,son,dungyen_30,
son_dungyen_30_DANGER.csv,2026-09-27T13:47:05.968,21.266,30.5,DANGER,EMERGENCY,son,dungyen_30,
son_dungyen_30_DANGER.csv,2026-09-27T13:47:06.136,21.434,30.5,DANGER,EMERGENCY,son,dungyen_30,
son_dungyen_30_DANGER.csv,2026-09-27T13:47:06.304,21.602,30.5,DANGER,EMERGENCY,son,dungyen_30,
son_dungyen_30_DANGER.csv,2026-09-27T13:47:06.472,21.77,30.5,DANGER,EMERGENCY,son,dungyen_30,
son_dungyen_30_DANGER.csv,2026-09-27T13:47:06.640,21.939,30.5,DANGER,EMERGENCY,son,dungyen_30,
son_dungyen_30_DANGER.csv,2026-09-27T13:47:06.808,22.106,30.5,DANGER,EMERGENCY,son,dungyen_30,
son_dungyen_30_DANGER.csv,2026-09-27T13:47:06.976,22.274,30.5,DANGER,EMERGENCY,son,dungyen_30,
son_dungyen_30_DANGER.csv,2026-09-27T13:47:07.143,22.442,30.5,DANGER,EMERGENCY,son,dungyen_30,
son_dungyen_30_DANGER.csv,2026-09-27T13:47:07.311,22.61,31.8,DANGER,EMERGENCY,son,dungyen_30,
son_dungyen_30_DANGER.csv,2026-09-27T13:47:07.479,22.778,30.5,DANGER,EMERGENCY,son,dungyen_30,
son_ghe_30_DANGER.csv,2026-09-27T13:58:34.074,0.067,31.5,DANGER,EMERGENCY,son,ghe_30,ghe
son_ghe_30_DANGER.csv,2026-09-27T13:58:34.242,0.235,30.7,DANGER,EMERGENCY,son,ghe_30,ghe
son_ghe_30_DANGER.csv,2026-09-27T13:58:34.410,0.403,30.7,DANGER,EMERGENCY,son,ghe_30,ghe
son_ghe_30_DANGER.csv,2026-09-27T13:58:34.578,0.571,30.7,DANGER,EMERGENCY,son,ghe_30,ghe
son_ghe_30_DANGER.csv,2026-09-27T13:58:34.746,0.739,30.7,DANGER,EMERGENCY,son,ghe_30,ghe
son_ghe_30_DANGER.csv,2026-09-27T13:58:34.914,0.907,30.7,DANGER,EMERGENCY,son,ghe_30,ghe
son_ghe_30_DANGER.csv,2026-09-27T13:58:35.082,1.075,30.7,DANGER,EMERGENCY,son,ghe_30,ghe
son_ghe_30_DANGER.csv,2026-09-27T13:58:35.250,1.243,30.7,DANGER,EMERGENCY,son,ghe_30,ghe
son_ghe_30_DANGER.csv,2026-09-27T13:58:35.418,1.411,30.7,DANGER,EMERGENCY,son,ghe_30,ghe
son_ghe_30_DANGER.csv,2026-09-27T13:58:35.586,1.579,30.7,DANGER,EMERGENCY,son,ghe_30,ghe
son_ghe_30_DANGER.csv,2026-09-27T13:58:35.754,1.747,30.7,DANGER,EMERGENCY,son,ghe_30,ghe
son_ghe_30_DANGER.csv,2026-09-27T13:58:35.922,1.915,30.7,DANGER,EMERGENCY,son,ghe_30,ghe
son_ghe_30_DANGER.csv,2026-09-27T13:58:36.090,2.083,30.7,DANGER,EMERGENCY,son,ghe_30,ghe
son_ghe_30_DANGER.csv,2026-09-27T13:58:36.258,2.251,30.7,DANGER,EMERGENCY,son,ghe_30,ghe
son_ghe_30_DANGER.csv,2026-09-27T13:58:36.426,2.42,30.7,DANGER,EMERGENCY,son,ghe_30,ghe
son_ghe_30_DANGER.csv,2026-09-27T13:58:36.594,2.587,30.7,DANGER,EMERGENCY,son,ghe_30,ghe
son_ghe_30_DANGER.csv,2026-09-27T13:58:36.762,2.755,30.7,DANGER,EMERGENCY,son,ghe_30,ghe
son_ghe_30_DANGER.csv,2026-09-27T13:58:36.930,2.923,30.7,DANGER,EMERGENCY,son,ghe_30,ghe
son_ghe_30_DANGER.csv,2026-09-27T13:58:37.098,3.091,30.7,DANGER,EMERGENCY,son,ghe_30,ghe
son_ghe_30_DANGER.csv,2026-09-27T13:58:37.266,3.259,30.7,DANGER,EMERGENCY,son,ghe_30,ghe
son_ghe_30_DANGER.csv,2026-09-27T13:58:37.434,3.427,31.5,DANGER,EMERGENCY,son,ghe_30,ghe
son_ghe_30_DANGER.csv,2026-09-27T13:58:37.602,3.595,30.7,DANGER,EMERGENCY,son,ghe_30,ghe
son_ghe_30_DANGER.csv,2026-09-27T13:58:37.770,3.764,30.7,DANGER,EMERGENCY,son,ghe_30,ghe
son_ghe_30_DANGER.csv,2026-09-27T13:58:37.938,3.931,30.7,DANGER,EMERGENCY,son,ghe_30,ghe
son_ghe_30_DANGER.csv,2026-09-27T13:58:38.106,4.099,30.7,DANGER,EMERGENCY,son,ghe_30,ghe
son_ghe_30_DANGER.csv,2026-09-27T13:58:38.274,4.267,30.7,DANGER,EMERGENCY,son,ghe_30,ghe
son_ghe_30_DANGER.csv,2026-09-27T13:58:38.442,4.435,31.5,DANGER,EMERGENCY,son,ghe_30,ghe
son_ghe_30_DANGER.csv,2026-09-27T13:58:38.610,4.603,30.7,DANGER,EMERGENCY,son,ghe_30,ghe
son_ghe_30_DANGER.csv,2026-09-27T13:58:38.778,4.771,31.5,DANGER,EMERGENCY,son,ghe_30,ghe
son_ghe_30_DANGER.csv,2026-09-27T13:58:38.946,4.939,31.5,DANGER,EMERGENCY,son,ghe_30,ghe
son_ghe_30_DANGER.csv,2026-09-27T13:58:39.114,5.107,31.5,DANGER,EMERGENCY,son,ghe_30,ghe
son_ghe_30_DANGER.csv,2026-09-27T13:58:39.282,5.275,31.5,DANGER,EMERGENCY,son,ghe_30,ghe
son_ghe_30_DANGER.csv,2026-09-27T13:58:39.451,5.444,31.5,DANGER,EMERGENCY,son,ghe_30,ghe
son_ghe_30_DANGER.csv,2026-09-27T13:58:39.619,5.612,31.5,DANGER,EMERGENCY,son,ghe_30,ghe
son_ghe_30_DANGER.csv,2026-09-27T13:58:39.786,5.779,30.7,DANGER,EMERGENCY,son,ghe_30,ghe
son_ghe_30_DANGER.csv,2026-09-27T13:58:39.954,5.947,30.7,DANGER,EMERGENCY,son,ghe_30,ghe
son_ghe_30_DANGER.csv,2026-09-27T13:58:40.122,6.115,30.7,DANGER,EMERGENCY,son,ghe_30,ghe
son_ghe_30_DANGER.csv,2026-09-27T13:58:40.290,6.283,31.5,DANGER,EMERGENCY,son,ghe_30,ghe
son_ghe_30_DANGER.csv,2026-09-27T13:58:40.458,6.451,30.7,DANGER,EMERGENCY,son,ghe_30,ghe
son_ghe_30_DANGER.csv,2026-09-27T13:58:40.626,6.619,30.7,DANGER,EMERGENCY,son,ghe_30,ghe
son_ghe_30_DANGER.csv,2026-09-27T13:58:40.794,6.787,31.5,DANGER,EMERGENCY,son,ghe_30,ghe
son_ghe_30_DANGER.csv,2026-09-27T13:58:40.962,6.955,30.7,DANGER,EMERGENCY,son,ghe_30,ghe
son_ghe_30_DANGER.csv,2026-09-27T13:58:41.130,7.123,30.7,DANGER,EMERGENCY,son,ghe_30,ghe
son_ghe_30_DANGER.csv,2026-09-27T13:58:41.298,7.291,30.7,DANGER,EMERGENCY,son,ghe_30,ghe
son_ghe_30_DANGER.csv,2026-09-27T13:58:41.466,7.459,31.5,DANGER,EMERGENCY,son,ghe_30,ghe
son_ghe_30_DANGER.csv,2026-09-27T13:58:41.634,7.627,31.5,DANGER,EMERGENCY,son,ghe_30,ghe
son_ghe_30_DANGER.csv,2026-09-27T13:58:41.802,7.795,31.5,DANGER,EMERGENCY,son,ghe_30,ghe
son_ghe_30_DANGER.csv,2026-09-27T13:58:41.970,7.963,30.7,DANGER,EMERGENCY,son,ghe_30,ghe
son_ghe_30_DANGER.csv,2026-09-27T13:58:42.138,8.131,31.5,DANGER,EMERGENCY,son,ghe_30,ghe
son_ghe_30_DANGER.csv,2026-09-27T13:58:42.307,8.3,31.5,DANGER,EMERGENCY,son,ghe_30,ghe
son_ghe_30_DANGER.csv,2026-09-27T13:58:42.474,8.467,30.7,DANGER,EMERGENCY,son,ghe_30,ghe
son_ghe_30_DANGER.csv,2026-09-27T13:58:42.643,8.636,31.5,DANGER,EMERGENCY,son,ghe_30,ghe
son_ghe_30_DANGER.csv,2026-09-27T13:58:42.810,8.803,30.7,DANGER,EMERGENCY,son,ghe_30,ghe
son_ghe_30_DANGER.csv,2026-09-27T13:58:42.978,8.971,30.2,DANGER,EMERGENCY,son,ghe_30,ghe
son_ghe_30_DANGER.csv,2026-09-27T13:58:43.146,9.139,30.2,DANGER,EMERGENCY,son,ghe_30,ghe
son_ghe_30_DANGER.csv,2026-09-27T13:58:43.314,9.307,31.5,DANGER,EMERGENCY,son,ghe_30,ghe
son_ghe_30_DANGER.csv,2026-09-27T13:58:43.482,9.475,31.5,DANGER,EMERGENCY,son,ghe_30,ghe
son_ghe_30_DANGER.csv,2026-09-27T13:58:43.650,9.644,30.7,DANGER,EMERGENCY,son,ghe_30,ghe
son_ghe_30_DANGER.csv,2026-09-27T13:58:43.818,9.811,30.7,DANGER,EMERGENCY,son,ghe_30,ghe
son_ghe_30_DANGER.csv,2026-09-27T13:58:43.986,9.979,31.5,DANGER,EMERGENCY,son,ghe_30,ghe
son_ghe_30_DANGER.csv,2026-09-27T13:58:44.154,10.147,31.5,DANGER,EMERGENCY,son,ghe_30,ghe
son_ghe_30_DANGER.csv,2026-09-27T13:58:44.322,10.315,31.5,DANGER,EMERGENCY,son,ghe_30,ghe
son_ghe_30_DANGER.csv,2026-09-27T13:58:44.490,10.483,30.7,DANGER,EMERGENCY,son,ghe_30,ghe
son_ghe_30_DANGER.csv,2026-09-27T13:58:44.658,10.651,31.5,DANGER,EMERGENCY,son,ghe_30,ghe
son_ghe_30_DANGER.csv,2026-09-27T13:58:44.826,10.819,31.5,DANGER,EMERGENCY,son,ghe_30,ghe
son_ghe_30_DANGER.csv,2026-09-27T13:58:44.994,10.987,31.5,DANGER,EMERGENCY,son,ghe_30,ghe
son_ghe_30_DANGER.csv,2026-09-27T13:58:45.162,11.155,31.5,DANGER,EMERGENCY,son,ghe_30,ghe
son_ghe_30_DANGER.csv,2026-09-27T13:58:45.330,11.323,30.7,DANGER,EMERGENCY,son,ghe_30,ghe
son_ghe_30_DANGER.csv,2026-09-27T13:58:45.498,11.491,30.7,DANGER,EMERGENCY,son,ghe_30,ghe
son_ghe_30_DANGER.csv,2026-09-27T13:58:45.666,11.659,30.7,DANGER,EMERGENCY,son,ghe_30,ghe
son_ghe_30_DANGER.csv,2026-09-27T13:58:45.834,11.827,30.7,DANGER,EMERGENCY,son,ghe_30,ghe
son_ghe_30_DANGER.csv,2026-09-27T13:58:46.002,11.995,31.5,DANGER,EMERGENCY,son,ghe_30,ghe
son_ghe_30_DANGER.csv,2026-09-27T13:58:46.170,12.163,31.5,DANGER,EMERGENCY,son,ghe_30,ghe
son_ghe_30_DANGER.csv,2026-09-27T13:58:46.338,12.332,31.5,DANGER,EMERGENCY,son,ghe_30,ghe
son_ghe_30_DANGER.csv,2026-09-27T13:58:46.506,12.499,30.7,DANGER,EMERGENCY,son,ghe_30,ghe
son_ghe_30_DANGER.csv,2026-09-27T13:58:46.674,12.667,30.7,DANGER,EMERGENCY,son,ghe_30,ghe
son_ghe_30_DANGER.csv,2026-09-27T13:58:46.842,12.835,30.7,DANGER,EMERGENCY,son,ghe_30,ghe
son_ghe_30_DANGER.csv,2026-09-27T13:58:47.010,13.003,30.7,DANGER,EMERGENCY,son,ghe_30,ghe
son_ghe_30_DANGER.csv,2026-09-27T13:58:47.178,13.171,31.5,DANGER,EMERGENCY,son,ghe_30,ghe
son_ghe_30_DANGER.csv,2026-09-27T13:58:47.346,13.339,31.5,DANGER,EMERGENCY,son,ghe_30,ghe
son_ghe_30_DANGER.csv,2026-09-27T13:58:47.514,13.507,31.6,DANGER,EMERGENCY,son,ghe_30,ghe
son_ghe_30_DANGER.csv,2026-09-27T13:58:47.682,13.675,30.2,DANGER,EMERGENCY,son,ghe_30,ghe
son_ghe_30_DANGER.csv,2026-09-27T13:58:47.850,13.843,31.5,DANGER,EMERGENCY,son,ghe_30,ghe
son_ghe_30_DANGER.csv,2026-09-27T13:58:48.018,14.011,31.5,DANGER,EMERGENCY,son,ghe_30,ghe
son_ghe_30_DANGER.csv,2026-09-27T13:58:48.186,14.179,31.5,DANGER,EMERGENCY,son,ghe_30,ghe
son_ghe_30_DANGER.csv,2026-09-27T13:58:48.355,14.348,31.5,DANGER,EMERGENCY,son,ghe_30,ghe
son_ghe_30_DANGER.csv,2026-09-27T13:58:48.522,14.515,30.7,DANGER,EMERGENCY,son,ghe_30,ghe
son_ghe_30_DANGER.csv,2026-09-27T13:58:48.690,14.683,30.7,DANGER,EMERGENCY,son,ghe_30,ghe
son_ghe_30_DANGER.csv,2026-09-27T13:58:48.858,14.851,31.5,DANGER,EMERGENCY,son,ghe_30,ghe
son_ghe_30_DANGER.csv,2026-09-27T13:58:49.027,15.02,30.7,DANGER,EMERGENCY,son,ghe_30,ghe
son_ghe_30_DANGER.csv,2026-09-27T13:58:49.194,15.187,31.5,DANGER,EMERGENCY,son,ghe_30,ghe
son_ghe_30_DANGER.csv,2026-09-27T13:58:49.362,15.355,31.5,DANGER,EMERGENCY,son,ghe_30,ghe
son_ghe_30_DANGER.csv,2026-09-27T13:58:49.530,15.523,31.5,DANGER,EMERGENCY,son,ghe_30,ghe
son_ghe_30_DANGER.csv,2026-09-27T13:58:49.699,15.692,31.5,DANGER,EMERGENCY,son,ghe_30,ghe
son_ghe_30_DANGER.csv,2026-09-27T13:58:49.866,15.859,31.5,DANGER,EMERGENCY,son,ghe_30,ghe
son_ghe_30_DANGER.csv,2026-09-27T13:58:50.034,16.027,30.7,DANGER,EMERGENCY,son,ghe_30,ghe
son_ghe_30_DANGER.csv,2026-09-27T13:58:50.202,16.196,31.5,DANGER,EMERGENCY,son,ghe_30,ghe
son_ghe_30_DANGER.csv,2026-09-27T13:58:50.370,16.363,31.5,DANGER,EMERGENCY,son,ghe_30,ghe
son_ghe_30_DANGER.csv,2026-09-27T13:58:50.538,16.531,31.5,DANGER,EMERGENCY,son,ghe_30,ghe
son_ghe_30_DANGER.csv,2026-09-27T13:58:50.706,16.699,31.5,DANGER,EMERGENCY,son,ghe_30,ghe
son_ghe_30_DANGER.csv,2026-09-27T13:58:50.874,16.868,31.5,DANGER,EMERGENCY,son,ghe_30,ghe
son_ghe_30_DANGER.csv,2026-09-27T13:58:51.042,17.035,31.5,DANGER,EMERGENCY,son,ghe_30,ghe
son_ghe_30_DANGER.csv,2026-09-27T13:58:51.210,17.203,31.5,DANGER,EMERGENCY,son,ghe_30,ghe
son_ghe_30_DANGER.csv,2026-09-27T13:58:51.378,17.371,31.5,DANGER,EMERGENCY,son,ghe_30,ghe
son_ghe_30_DANGER.csv,2026-09-27T13:58:51.546,17.539,31.5,DANGER,EMERGENCY,son,ghe_30,ghe
son_ghe_30_DANGER.csv,2026-09-27T13:58:51.715,17.708,30.2,DANGER,EMERGENCY,son,ghe_30,ghe
son_ghe_30_DANGER.csv,2026-09-27T13:58:51.882,17.875,30.2,DANGER,EMERGENCY,son,ghe_30,ghe
son_ghe_30_DANGER.csv,2026-09-27T13:58:52.051,18.044,31.5,DANGER,EMERGENCY,son,ghe_30,ghe
son_ghe_30_DANGER.csv,2026-09-27T13:58:52.219,18.212,31.5,DANGER,EMERGENCY,son,ghe_30,ghe
son_ghe_30_DANGER.csv,2026-09-27T13:58:52.386,18.379,30.2,DANGER,EMERGENCY,son,ghe_30,ghe
son_ghe_30_DANGER.csv,2026-09-27T13:58:52.554,18.547,30.2,DANGER,EMERGENCY,son,ghe_30,ghe
son_ghe_30_DANGER.csv,2026-09-27T13:58:52.722,18.715,31.5,DANGER,EMERGENCY,son,ghe_30,ghe
son_ghe_30_DANGER.csv,2026-09-27T13:58:52.890,18.883,30.2,DANGER,EMERGENCY,son,ghe_30,ghe
son_ghe_30_DANGER.csv,2026-09-27T13:58:53.058,19.051,31.5,DANGER,EMERGENCY,son,ghe_30,ghe
son_ghe_30_DANGER.csv,2026-09-27T13:58:53.226,19.219,30.2,DANGER,EMERGENCY,son,ghe_30,ghe
son_ghe_30_DANGER.csv,2026-09-27T13:58:53.394,19.387,31.5,DANGER,EMERGENCY,son,ghe_30,ghe
son_ghe_30_DANGER.csv,2026-09-27T13:58:53.562,19.555,31.5,DANGER,EMERGENCY,son,ghe_30,ghe
son_ghe_30_DANGER.csv,2026-09-27T13:58:53.730,19.723,31.5,DANGER,EMERGENCY,son,ghe_30,ghe
son_ghe_30_DANGER.csv,2026-09-27T13:58:53.898,19.891,31.5,DANGER,EMERGENCY,son,ghe_30,ghe
son_ghe_30_DANGER.csv,2026-09-27T13:58:54.066,20.059,30.7,DANGER,EMERGENCY,son,ghe_30,ghe
son_ghe_30_DANGER.csv,2026-09-27T13:58:54.234,20.227,31.5,DANGER,EMERGENCY,son,ghe_30,ghe
son_ghe_30_DANGER.csv,2026-09-27T13:58:54.402,20.395,30.7,DANGER,EMERGENCY,son,ghe_30,ghe
son_ghe_30_DANGER.csv,2026-09-27T13:58:54.570,20.563,31.5,DANGER,EMERGENCY,son,ghe_30,ghe
son_ghe_30_DANGER.csv,2026-09-27T13:58:54.738,20.731,31.5,DANGER,EMERGENCY,son,ghe_30,ghe
son_ghe_30_DANGER.csv,2026-09-27T13:58:54.906,20.899,31.5,DANGER,EMERGENCY,son,ghe_30,ghe
son_ghe_30_DANGER.csv,2026-09-27T13:58:55.074,21.067,31.5,DANGER,EMERGENCY,son,ghe_30,ghe
son_ghe_30_DANGER.csv,2026-09-27T13:58:55.242,21.235,31.5,DANGER,EMERGENCY,son,ghe_30,ghe
son_ghe_30_DANGER.csv,2026-09-27T13:58:55.410,21.403,31.5,DANGER,EMERGENCY,son,ghe_30,ghe
son_ghe_30_DANGER.csv,2026-09-27T13:58:55.578,21.571,31.5,DANGER,EMERGENCY,son,ghe_30,ghe
son_ghe_30_DANGER.csv,2026-09-27T13:58:55.746,21.74,31.5,DANGER,EMERGENCY,son,ghe_30,ghe
son_ghe_30_DANGER.csv,2026-09-27T13:58:55.914,21.907,31.5,DANGER,EMERGENCY,son,ghe_30,ghe
son_ghe_30_DANGER.csv,2026-09-27T13:58:56.082,22.075,31.5,DANGER,EMERGENCY,son,ghe_30,ghe
son_ghe_30_DANGER.csv,2026-09-27T13:58:56.250,22.243,30.7,DANGER,EMERGENCY,son,ghe_30,ghe
son_ghe_30_DANGER.csv,2026-09-27T13:58:56.418,22.412,30.7,DANGER,EMERGENCY,son,ghe_30,ghe
son_ghe_30_DANGER.csv,2026-09-27T13:58:56.586,22.579,30.7,DANGER,EMERGENCY,son,ghe_30,ghe
son_ghe_30_DANGER.csv,2026-09-27T13:58:56.754,22.747,30.7,DANGER,EMERGENCY,son,ghe_30,ghe
son_ghe_30_DANGER.csv,2026-09-27T13:58:56.922,22.915,30.7,DANGER,EMERGENCY,son,ghe_30,ghe
son_ghe_30_DANGER.csv,2026-09-27T13:58:57.090,23.083,30.7,DANGER,EMERGENCY,son,ghe_30,ghe
son_ghe_30_DANGER.csv,2026-09-27T13:58:57.258,23.251,30.7,DANGER,EMERGENCY,son,ghe_30,ghe
son_ghe_30_DANGER.csv,2026-09-27T13:58:57.426,23.419,30.7,DANGER,EMERGENCY,son,ghe_30,ghe
son_ghe_30_DANGER.csv,2026-09-27T13:58:57.594,23.587,30.7,DANGER,EMERGENCY,son,ghe_30,ghe
son_ghe_30_DANGER.csv,2026-09-27T13:58:57.762,23.755,30.7,DANGER,EMERGENCY,son,ghe_30,ghe
son_ghe_30_DANGER.csv,2026-09-27T13:58:57.930,23.923,30.7,DANGER,EMERGENCY,son,ghe_30,ghe
son_ghe_30_DANGER.csv,2026-09-27T13:58:58.098,24.091,30.7,DANGER,EMERGENCY,son,ghe_30,ghe
son_ghe_30_DANGER.csv,2026-09-27T13:58:58.266,24.259,30.7,DANGER,EMERGENCY,son,ghe_30,ghe
son_ghe_30_DANGER.csv,2026-09-27T13:58:58.434,24.427,30.7,DANGER,EMERGENCY,son,ghe_30,ghe
son_ghe_30_DANGER.csv,2026-09-27T13:58:58.602,24.595,31.5,DANGER,EMERGENCY,son,ghe_30,ghe
son_ghe_30_DANGER.csv,2026-09-27T13:58:58.770,24.763,30.7,DANGER,EMERGENCY,son,ghe_30,ghe
son_ghe_30_DANGER.csv,2026-09-27T13:58:58.938,24.931,30.7,DANGER,EMERGENCY,son,ghe_30,ghe
son_ghe_30_DANGER.csv,2026-09-27T13:58:59.106,25.099,31.5,DANGER,EMERGENCY,son,ghe_30,ghe
son_ghe_30_DANGER.csv,2026-09-27T13:58:59.275,25.268,30.2,DANGER,EMERGENCY,son,ghe_30,ghe
son_ghe_30_DANGER.csv,2026-09-27T13:58:59.443,25.436,31.5,DANGER,EMERGENCY,son,ghe_30,ghe
son_ghe_30_DANGER.csv,2026-09-27T13:58:59.610,25.604,31.5,DANGER,EMERGENCY,son,ghe_30,ghe
son_ghe_30_DANGER.csv,2026-09-27T13:58:59.778,25.771,31.5,DANGER,EMERGENCY,son,ghe_30,ghe
son_ghe_30_DANGER.csv,2026-09-27T13:58:59.946,25.939,31.5,DANGER,EMERGENCY,son,ghe_30,ghe
son_ghe_30_DANGER.csv,2026-09-27T13:59:00.115,26.108,31.5,DANGER,EMERGENCY,son,ghe_30,ghe
son_ghe_30_DANGER.csv,2026-09-27T13:59:00.282,26.275,30.7,DANGER,EMERGENCY,son,ghe_30,ghe
son_ghe_30_DANGER.csv,2026-09-27T13:59:00.450,26.443,30.7,DANGER,EMERGENCY,son,ghe_30,ghe
son_ghe_30_DANGER.csv,2026-09-27T13:59:00.618,26.611,30.7,DANGER,EMERGENCY,son,ghe_30,ghe
son_roi_30ve150_cham_RETREATING.csv,2026-09-27T14:01:39.119,0.072,40.6,RETREATING,SAFE,son,roi_30ve150_cham,
son_roi_30ve150_cham_RETREATING.csv,2026-09-27T14:01:39.287,0.24,39.9,RETREATING,SAFE,son,roi_30ve150_cham,
son_roi_30ve150_cham_RETREATING.csv,2026-09-27T14:01:39.457,0.409,39.2,RETREATING,SAFE,son,roi_30ve150_cham,
son_roi_30ve150_cham_RETREATING.csv,2026-09-27T14:01:39.625,0.577,39.2,RETREATING,SAFE,son,roi_30ve150_cham,
son_roi_30ve150_cham_RETREATING.csv,2026-09-27T14:01:39.792,0.745,40.1,RETREATING,SAFE,son,roi_30ve150_cham,
son_roi_30ve150_cham_RETREATING.csv,2026-09-27T14:01:39.961,0.914,39.4,RETREATING,SAFE,son,roi_30ve150_cham,
son_roi_30ve150_cham_RETREATING.csv,2026-09-27T14:01:40.130,1.083,40.1,RETREATING,SAFE,son,roi_30ve150_cham,
son_roi_30ve150_cham_RETREATING.csv,2026-09-27T14:01:40.299,1.252,41.5,RETREATING,SAFE,son,roi_30ve150_cham,
son_roi_30ve150_cham_RETREATING.csv,2026-09-27T14:01:40.469,1.421,40.6,RETREATING,SAFE,son,roi_30ve150_cham,
son_roi_30ve150_cham_RETREATING.csv,2026-09-27T14:01:40.637,1.59,42.9,RETREATING,SAFE,son,roi_30ve150_cham,
son_roi_30ve150_cham_RETREATING.csv,2026-09-27T14:01:40.806,1.759,42.5,RETREATING,SAFE,son,roi_30ve150_cham,
son_roi_30ve150_cham_RETREATING.csv,2026-09-27T14:01:40.975,1.928,42.9,RETREATING,SAFE,son,roi_30ve150_cham,
son_roi_30ve150_cham_RETREATING.csv,2026-09-27T14:01:41.145,2.098,45.1,RETREATING,SAFE,son,roi_30ve150_cham,
son_roi_30ve150_cham_RETREATING.csv,2026-09-27T14:01:41.316,2.268,50.4,RETREATING,SAFE,son,roi_30ve150_cham,
son_roi_30ve150_cham_RETREATING.csv,2026-09-27T14:01:41.486,2.438,51.3,RETREATING,SAFE,son,roi_30ve150_cham,
son_roi_30ve150_cham_RETREATING.csv,2026-09-27T14:01:41.656,2.608,51.3,RETREATING,SAFE,son,roi_30ve150_cham,
son_roi_30ve150_cham_RETREATING.csv,2026-09-27T14:01:41.826,2.778,51.3,RETREATING,SAFE,son,roi_30ve150_cham,
son_roi_30ve150_cham_RETREATING.csv,2026-09-27T14:01:41.996,2.949,52.2,RETREATING,SAFE,son,roi_30ve150_cham,
son_roi_30ve150_cham_RETREATING.csv,2026-09-27T14:01:42.167,3.12,56.9,RETREATING,SAFE,son,roi_30ve150_cham,
son_roi_30ve150_cham_RETREATING.csv,2026-09-27T14:01:42.337,3.29,59.4,RETREATING,SAFE,son,roi_30ve150_cham,
son_roi_30ve150_cham_RETREATING.csv,2026-09-27T14:01:42.509,3.462,62.9,RETREATING,SAFE,son,roi_30ve150_cham,
son_roi_30ve150_cham_RETREATING.csv,2026-09-27T14:01:42.681,3.634,65.0,RETREATING,SAFE,son,roi_30ve150_cham,
son_roi_30ve150_cham_RETREATING.csv,2026-09-27T14:01:42.854,3.806,66.3,RETREATING,SAFE,son,roi_30ve150_cham,
son_roi_30ve150_cham_RETREATING.csv,2026-09-27T14:01:43.026,3.978,67.8,RETREATING,SAFE,son,roi_30ve150_cham,
son_roi_30ve150_cham_RETREATING.csv,2026-09-27T14:01:43.198,4.151,72.8,RETREATING,SAFE,son,roi_30ve150_cham,
son_roi_30ve150_cham_RETREATING.csv,2026-09-27T14:01:43.371,4.324,73.3,RETREATING,SAFE,son,roi_30ve150_cham,
son_roi_30ve150_cham_RETREATING.csv,2026-09-27T14:01:43.544,4.497,77.4,RETREATING,SAFE,son,roi_30ve150_cham,
son_roi_30ve150_cham_RETREATING.csv,2026-09-27T14:01:43.718,4.671,81.0,RETREATING,SAFE,son,roi_30ve150_cham,
son_roi_30ve150_cham_RETREATING.csv,2026-09-27T14:01:43.893,4.845,86.6,RETREATING,SAFE,son,roi_30ve150_cham,
son_roi_30ve150_cham_RETREATING.csv,2026-09-27T14:01:44.067,5.02,82.0,RETREATING,SAFE,son,roi_30ve150_cham,
son_roi_30ve150_cham_RETREATING.csv,2026-09-27T14:01:44.319,5.272,84.4,RETREATING,SAFE,son,roi_30ve150_cham,
son_roi_30ve150_cham_RETREATING.csv,2026-09-27T14:01:44.415,5.368,87.7,RETREATING,SAFE,son,roi_30ve150_cham,
son_roi_30ve150_cham_RETREATING.csv,2026-09-27T14:01:44.591,5.543,90.9,RETREATING,SAFE,son,roi_30ve150_cham,
son_roi_30ve150_cham_RETREATING.csv,2026-09-27T14:01:44.764,5.717,92.5,RETREATING,SAFE,son,roi_30ve150_cham,
son_roi_30ve150_cham_RETREATING.csv,2026-09-27T14:01:44.939,5.892,94.3,RETREATING,SAFE,son,roi_30ve150_cham,
son_roi_30ve150_cham_RETREATING.csv,2026-09-27T14:01:45.115,6.068,97.4,RETREATING,SAFE,son,roi_30ve150_cham,
son_roi_30ve150_cham_RETREATING.csv,2026-09-27T14:01:45.291,6.244,96.4,RETREATING,SAFE,son,roi_30ve150_cham,
son_roi_30ve150_cham_RETREATING.csv,2026-09-27T14:01:45.467,6.42,96.0,RETREATING,SAFE,son,roi_30ve150_cham,
son_roi_30ve150_cham_RETREATING.csv,2026-09-27T14:01:45.643,6.596,100.3,RETREATING,SAFE,son,roi_30ve150_cham,
son_roi_30ve150_cham_RETREATING.csv,2026-09-27T14:01:45.820,6.773,99.7,RETREATING,SAFE,son,roi_30ve150_cham,
son_roi_30ve150_cham_RETREATING.csv,2026-09-27T14:01:45.997,6.95,102.6,RETREATING,SAFE,son,roi_30ve150_cham,
son_roi_30ve150_cham_RETREATING.csv,2026-09-27T14:01:46.172,7.125,103.6,RETREATING,SAFE,son,roi_30ve150_cham,
son_roi_30ve150_cham_RETREATING.csv,2026-09-27T14:01:46.349,7.302,108.5,RETREATING,SAFE,son,roi_30ve150_cham,
son_roi_30ve150_cham_RETREATING.csv,2026-09-27T14:01:46.524,7.477,103.7,RETREATING,SAFE,son,roi_30ve150_cham,
son_roi_30ve150_cham_RETREATING.csv,2026-09-27T14:01:46.700,7.653,106.6,RETREATING,SAFE,son,roi_30ve150_cham,
son_roi_30ve150_cham_RETREATING.csv,2026-09-27T14:01:46.876,7.829,108.4,RETREATING,SAFE,son,roi_30ve150_cham,
son_roi_30ve150_cham_RETREATING.csv,2026-09-27T14:01:47.054,8.006,109.3,RETREATING,SAFE,son,roi_30ve150_cham,
son_roi_30ve150_cham_RETREATING.csv,2026-09-27T14:01:47.231,8.184,111.1,RETREATING,SAFE,son,roi_30ve150_cham,
son_roi_30ve150_cham_RETREATING.csv,2026-09-27T14:01:47.408,8.36,112.1,RETREATING,SAFE,son,roi_30ve150_cham,
son_roi_30ve150_cham_RETREATING.csv,2026-09-27T14:01:47.586,8.538,114.7,RETREATING,SAFE,son,roi_30ve150_cham,
son_roi_30ve150_cham_RETREATING.csv,2026-09-27T14:01:47.765,8.718,113.9,RETREATING,SAFE,son,roi_30ve150_cham,
son_roi_30ve150_cham_RETREATING.csv,2026-09-27T14:01:47.943,8.896,116.3,RETREATING,SAFE,son,roi_30ve150_cham,
son_roi_30ve150_cham_RETREATING.csv,2026-09-27T14:01:48.120,9.072,117.7,RETREATING,SAFE,son,roi_30ve150_cham,
son_roi_30ve150_cham_RETREATING.csv,2026-09-27T14:01:48.298,9.25,117.7,RETREATING,SAFE,son,roi_30ve150_cham,
son_roi_30ve150_cham_RETREATING.csv,2026-09-27T14:01:48.476,9.428,121.3,RETREATING,SAFE,son,roi_30ve150_cham,
son_roi_30ve150_cham_RETREATING.csv,2026-09-27T14:01:48.654,9.606,117.2,RETREATING,SAFE,son,roi_30ve150_cham,
son_roi_30ve150_cham_RETREATING.csv,2026-09-27T14:01:48.833,9.785,121.9,RETREATING,SAFE,son,roi_30ve150_cham,
son_roi_30ve150_cham_RETREATING.csv,2026-09-27T14:01:49.011,9.964,123.2,RETREATING,SAFE,son,roi_30ve150_cham,
son_roi_30ve150_cham_RETREATING.csv,2026-09-27T14:01:49.188,10.141,125.7,RETREATING,SAFE,son,roi_30ve150_cham,
son_roi_30ve150_cham_RETREATING.csv,2026-09-27T14:01:49.367,10.32,125.6,RETREATING,SAFE,son,roi_30ve150_cham,
son_roi_30ve150_cham_RETREATING.csv,2026-09-27T14:01:49.546,10.499,126.9,RETREATING,SAFE,son,roi_30ve150_cham,
son_roi_30ve150_cham_RETREATING.csv,2026-09-27T14:01:49.725,10.678,127.8,RETREATING,SAFE,son,roi_30ve150_cham,
son_roi_30ve150_cham_RETREATING.csv,2026-09-27T14:01:49.906,10.858,130.9,RETREATING,SAFE,son,roi_30ve150_cham,
son_roi_30ve150_cham_RETREATING.csv,2026-09-27T14:01:50.084,11.037,129.8,RETREATING,SAFE,son,roi_30ve150_cham,
son_roi_30ve150_cham_RETREATING.csv,2026-09-27T14:01:50.265,11.217,133.4,RETREATING,SAFE,son,roi_30ve150_cham,
son_roi_30ve150_cham_RETREATING.csv,2026-09-27T14:01:50.447,11.399,134.8,RETREATING,SAFE,son,roi_30ve150_cham,
son_roi_30ve150_cham_RETREATING.csv,2026-09-27T14:01:50.625,11.578,136.1,RETREATING,SAFE,son,roi_30ve150_cham,
son_roi_30ve150_cham_RETREATING.csv,2026-09-27T14:01:50.805,11.757,137.2,RETREATING,SAFE,son,roi_30ve150_cham,
son_roi_30ve150_cham_RETREATING.csv,2026-09-27T14:01:50.985,11.938,137.6,RETREATING,SAFE,son,roi_30ve150_cham,
son_roi_30ve150_cham_RETREATING.csv,2026-09-27T14:01:51.165,12.118,138.3,RETREATING,SAFE,son,roi_30ve150_cham,
son_roi_30ve150_cham_RETREATING.csv,2026-09-27T14:01:51.345,12.298,139.5,RETREATING,SAFE,son,roi_30ve150_cham,
son_roi_30ve150_cham_RETREATING.csv,2026-09-27T14:01:51.525,12.478,142.4,RETREATING,SAFE,son,roi_30ve150_cham,
son_roi_30ve150_cham_RETREATING.csv,2026-09-27T14:01:51.706,12.658,141.3,RETREATING,SAFE,son,roi_30ve150_cham,
son_roi_30ve150_cham_RETREATING.csv,2026-09-27T14:01:51.887,12.84,142.3,RETREATING,SAFE,son,roi_30ve150_cham,
son_roi_30ve150_cham_RETREATING.csv,2026-09-27T14:01:52.068,13.021,144.6,RETREATING,SAFE,son,roi_30ve150_cham,
son_roi_30ve150_cham_RETREATING.csv,2026-09-27T14:01:52.250,13.203,145.4,RETREATING,SAFE,son,roi_30ve150_cham,
son_roi_30ve150_cham_RETREATING.csv,2026-09-27T14:01:52.432,13.384,150.2,RETREATING,SAFE,son,roi_30ve150_cham,
son_roi_30ve150_cham_RETREATING.csv,2026-09-27T14:01:52.615,13.567,151.2,RETREATING,SAFE,son,roi_30ve150_cham,
son_roi_30ve150_cham_RETREATING.csv,2026-09-27T14:01:52.795,13.747,152.5,RETREATING,SAFE,son,roi_30ve150_cham,
son_roi_30ve150_cham_RETREATING.csv,2026-09-27T14:01:52.977,13.93,151.9,RETREATING,SAFE,son,roi_30ve150_cham,
son_roi_30ve150_cham_RETREATING.csv,2026-09-27T14:01:53.159,14.111,153.7,RETREATING,SAFE,son,roi_30ve150_cham,
son_roi_30ve150_cham_RETREATING.csv,2026-09-27T14:01:53.341,14.293,154.6,RETREATING,SAFE,son,roi_30ve150_cham,
son_roi_30ve150_cham_RETREATING.csv,2026-09-27T14:01:53.523,14.476,155.6,RETREATING,SAFE,son,roi_30ve150_cham,
son_roi_30ve150_cham_RETREATING.csv,2026-09-27T14:01:53.707,14.66,157.2,RETREATING,SAFE,son,roi_30ve150_cham,
son_roi_30ve150_cham_RETREATING.csv,2026-09-27T14:01:53.985,14.938,159.8,RETREATING,SAFE,son,roi_30ve150_cham,
son_roi_30ve150_cham_RETREATING.csv,2026-09-27T14:01:54.072,15.025,162.3,RETREATING,SAFE,son,roi_30ve150_cham,
son_roi_30ve150_cham_RETREATING.csv,2026-09-27T14:01:54.256,15.208,161.8,RETREATING,SAFE,son,roi_30ve150_cham,
son_roi_30ve150_cham_RETREATING.csv,2026-09-27T14:01:54.438,15.391,161.5,RETREATING,SAFE,son,roi_30ve150_cham,
son_roi_30ve150_cham_RETREATING.csv,2026-09-27T14:01:54.620,15.572,161.7,RETREATING,SAFE,son,roi_30ve150_cham,
son_roi_30ve150_cham_RETREATING.csv,2026-09-27T14:01:54.802,15.755,159.4,RETREATING,SAFE,son,roi_30ve150_cham,
son_roi_30ve150_cham_RETREATING.csv,2026-09-27T14:01:54.986,15.938,158.8,RETREATING,SAFE,son,roi_30ve150_cham,
son_roi_30ve150_cham_RETREATING.csv,2026-09-27T14:01:55.166,16.119,158.3,RETREATING,SAFE,son,roi_30ve150_cham,
son_roi_30ve150_cham_RETREATING.csv,2026-09-27T14:01:55.348,16.301,157.6,RETREATING,SAFE,son,roi_30ve150_cham,
son_roi_30ve150_cham_RETREATING.csv,2026-09-27T14:01:55.530,16.483,157.8,RETREATING,SAFE,son,roi_30ve150_cham,
son_roi_30ve150_cham_RETREATING.csv,2026-09-27T14:01:55.712,16.665,157.3,RETREATING,SAFE,son,roi_30ve150_cham,
son_roi_30ve150_cham_RETREATING.csv,2026-09-27T14:01:55.894,16.847,158.6,RETREATING,SAFE,son,roi_30ve150_cham,
son_roi_30ve150_cham_RETREATING.csv,2026-09-27T14:01:56.078,17.03,158.9,RETREATING,SAFE,son,roi_30ve150_cham,
son_roi_30ve150_cham_RETREATING.csv,2026-09-27T14:01:56.261,17.214,158.2,RETREATING,SAFE,son,roi_30ve150_cham,
son_roi_30ve150_cham_RETREATING.csv,2026-09-27T14:01:56.442,17.395,157.8,RETREATING,SAFE,son,roi_30ve150_cham,
son_roi_30ve150_cham_RETREATING.csv,2026-09-27T14:01:56.625,17.578,156.8,RETREATING,SAFE,son,roi_30ve150_cham,
son_roi_30ve150_cham_RETREATING.csv,2026-09-27T14:01:56.808,17.76,157.0,RETREATING,SAFE,son,roi_30ve150_cham,
son_roi_30ve150_cham_RETREATING.csv,2026-09-27T14:01:56.990,17.942,156.5,RETREATING,SAFE,son,roi_30ve150_cham,
son_roi_30ve150_cham_RETREATING.csv,2026-09-27T14:01:57.172,18.124,156.8,RETREATING,SAFE,son,roi_30ve150_cham,
son_roi_30ve150_cham_RETREATING.csv,2026-09-27T14:01:57.354,18.306,156.7,RETREATING,SAFE,son,roi_30ve150_cham,
son_roi_30ve150_cham_RETREATING.csv,2026-09-27T14:01:57.536,18.489,156.6,RETREATING,SAFE,son,roi_30ve150_cham,
son_roi_30ve150_cham_RETREATING.csv,2026-09-27T14:01:57.731,18.684,169.9,RETREATING,SAFE,son,roi_30ve150_cham,
son_roi_30ve150_cham_RETREATING.csv,2026-09-27T14:01:57.901,18.854,156.1,RETREATING,SAFE,son,roi_30ve150_cham,
son_roi_30ve150_cham_RETREATING.csv,2026-09-27T14:01:58.083,19.035,155.6,RETREATING,SAFE,son,roi_30ve150_cham,
son_roi_30ve150_cham_RETREATING.csv,2026-09-27T14:01:58.265,19.218,155.5,RETREATING,SAFE,son,roi_30ve150_cham,
son_roi_50ve200_cham_RETREATING.csv,2026-09-27T14:06:35.455,0.087,48.8,RETREATING,SAFE,son,roi_50ve200_cham,
son_roi_50ve200_cham_RETREATING.csv,2026-09-27T14:06:35.625,0.257,50.6,RETREATING,SAFE,son,roi_50ve200_cham,
son_roi_50ve200_cham_RETREATING.csv,2026-09-27T14:06:35.795,0.427,50.2,RETREATING,SAFE,son,roi_50ve200_cham,
son_roi_50ve200_cham_RETREATING.csv,2026-09-27T14:06:35.965,0.597,48.8,RETREATING,SAFE,son,roi_50ve200_cham,
son_roi_50ve200_cham_RETREATING.csv,2026-09-27T14:06:36.135,0.767,49.0,RETREATING,SAFE,son,roi_50ve200_cham,
son_roi_50ve200_cham_RETREATING.csv,2026-09-27T14:06:36.305,0.937,50.0,RETREATING,SAFE,son,roi_50ve200_cham,
son_roi_50ve200_cham_RETREATING.csv,2026-09-27T14:06:36.475,1.107,50.2,RETREATING,SAFE,son,roi_50ve200_cham,
son_roi_50ve200_cham_RETREATING.csv,2026-09-27T14:06:36.645,1.277,50.8,RETREATING,SAFE,son,roi_50ve200_cham,
son_roi_50ve200_cham_RETREATING.csv,2026-09-27T14:06:36.815,1.447,50.8,RETREATING,SAFE,son,roi_50ve200_cham,
son_roi_50ve200_cham_RETREATING.csv,2026-09-27T14:06:36.985,1.617,52.4,RETREATING,SAFE,son,roi_50ve200_cham,
son_roi_50ve200_cham_RETREATING.csv,2026-09-27T14:06:37.155,1.787,54.1,RETREATING,SAFE,son,roi_50ve200_cham,
son_roi_50ve200_cham_RETREATING.csv,2026-09-27T14:06:37.325,1.957,55.3,RETREATING,SAFE,son,roi_50ve200_cham,
son_roi_50ve200_cham_RETREATING.csv,2026-09-27T14:06:37.496,2.128,56.9,RETREATING,SAFE,son,roi_50ve200_cham,
son_roi_50ve200_cham_RETREATING.csv,2026-09-27T14:06:37.667,2.299,59.4,RETREATING,SAFE,son,roi_50ve200_cham,
son_roi_50ve200_cham_RETREATING.csv,2026-09-27T14:06:37.839,2.471,63.3,RETREATING,SAFE,son,roi_50ve200_cham,
son_roi_50ve200_cham_RETREATING.csv,2026-09-27T14:06:38.011,2.643,64.5,RETREATING,SAFE,son,roi_50ve200_cham,
son_roi_50ve200_cham_RETREATING.csv,2026-09-27T14:06:38.183,2.816,62.6,RETREATING,SAFE,son,roi_50ve200_cham,
son_roi_50ve200_cham_RETREATING.csv,2026-09-27T14:06:38.356,2.988,63.2,RETREATING,SAFE,son,roi_50ve200_cham,
son_roi_50ve200_cham_RETREATING.csv,2026-09-27T14:06:38.528,3.16,67.5,RETREATING,SAFE,son,roi_50ve200_cham,
son_roi_50ve200_cham_RETREATING.csv,2026-09-27T14:06:38.700,3.332,71.7,RETREATING,SAFE,son,roi_50ve200_cham,
son_roi_50ve200_cham_RETREATING.csv,2026-09-27T14:06:38.872,3.504,71.3,RETREATING,SAFE,son,roi_50ve200_cham,
son_roi_50ve200_cham_RETREATING.csv,2026-09-27T14:06:39.044,3.676,71.4,RETREATING,SAFE,son,roi_50ve200_cham,
son_roi_50ve200_cham_RETREATING.csv,2026-09-27T14:06:39.216,3.848,72.7,RETREATING,SAFE,son,roi_50ve200_cham,
son_roi_50ve200_cham_RETREATING.csv,2026-09-27T14:06:39.388,4.02,76.5,RETREATING,SAFE,son,roi_50ve200_cham,
son_roi_50ve200_cham_RETREATING.csv,2026-09-27T14:06:39.562,4.194,77.2,RETREATING,SAFE,son,roi_50ve200_cham,
son_roi_50ve200_cham_RETREATING.csv,2026-09-27T14:06:39.734,4.366,77.7,RETREATING,SAFE,son,roi_50ve200_cham,
son_roi_50ve200_cham_RETREATING.csv,2026-09-27T14:06:39.909,4.541,78.8,RETREATING,SAFE,son,roi_50ve200_cham,
son_roi_50ve200_cham_RETREATING.csv,2026-09-27T14:06:40.083,4.715,81.3,RETREATING,SAFE,son,roi_50ve200_cham,
son_roi_50ve200_cham_RETREATING.csv,2026-09-27T14:06:40.257,4.889,85.5,RETREATING,SAFE,son,roi_50ve200_cham,
son_roi_50ve200_cham_RETREATING.csv,2026-09-27T14:06:40.431,5.063,88.4,RETREATING,SAFE,son,roi_50ve200_cham,
son_roi_50ve200_cham_RETREATING.csv,2026-09-27T14:06:40.605,5.237,90.9,RETREATING,SAFE,son,roi_50ve200_cham,
son_roi_50ve200_cham_RETREATING.csv,2026-09-27T14:06:40.779,5.411,90.3,RETREATING,SAFE,son,roi_50ve200_cham,
son_roi_50ve200_cham_RETREATING.csv,2026-09-27T14:06:40.953,5.585,94.1,RETREATING,SAFE,son,roi_50ve200_cham,
son_roi_50ve200_cham_RETREATING.csv,2026-09-27T14:06:41.129,5.761,95.6,RETREATING,SAFE,son,roi_50ve200_cham,
son_roi_50ve200_cham_RETREATING.csv,2026-09-27T14:06:41.306,5.938,96.0,RETREATING,SAFE,son,roi_50ve200_cham,
son_roi_50ve200_cham_RETREATING.csv,2026-09-27T14:06:41.481,6.113,95.3,RETREATING,SAFE,son,roi_50ve200_cham,
son_roi_50ve200_cham_RETREATING.csv,2026-09-27T14:06:41.657,6.289,98.7,RETREATING,SAFE,son,roi_50ve200_cham,
son_roi_50ve200_cham_RETREATING.csv,2026-09-27T14:06:41.834,6.466,104.5,RETREATING,SAFE,son,roi_50ve200_cham,
son_roi_50ve200_cham_RETREATING.csv,2026-09-27T14:06:42.011,6.643,104.2,RETREATING,SAFE,son,roi_50ve200_cham,
son_roi_50ve200_cham_RETREATING.csv,2026-09-27T14:06:42.186,6.818,107.2,RETREATING,SAFE,son,roi_50ve200_cham,
son_roi_50ve200_cham_RETREATING.csv,2026-09-27T14:06:42.364,6.996,110.4,RETREATING,SAFE,son,roi_50ve200_cham,
son_roi_50ve200_cham_RETREATING.csv,2026-09-27T14:06:42.539,7.171,109.6,RETREATING,SAFE,son,roi_50ve200_cham,
son_roi_50ve200_cham_RETREATING.csv,2026-09-27T14:06:42.716,7.348,110.6,RETREATING,SAFE,son,roi_50ve200_cham,
son_roi_50ve200_cham_RETREATING.csv,2026-09-27T14:06:42.894,7.526,111.3,RETREATING,SAFE,son,roi_50ve200_cham,
son_roi_50ve200_cham_RETREATING.csv,2026-09-27T14:06:43.071,7.703,113.7,RETREATING,SAFE,son,roi_50ve200_cham,
son_roi_50ve200_cham_RETREATING.csv,2026-09-27T14:06:43.249,7.881,119.3,RETREATING,SAFE,son,roi_50ve200_cham,
son_roi_50ve200_cham_RETREATING.csv,2026-09-27T14:06:43.428,8.06,123.1,RETREATING,SAFE,son,roi_50ve200_cham,
son_roi_50ve200_cham_RETREATING.csv,2026-09-27T14:06:43.607,8.239,124.6,RETREATING,SAFE,son,roi_50ve200_cham,
son_roi_50ve200_cham_RETREATING.csv,2026-09-27T14:06:43.784,8.416,126.5,RETREATING,SAFE,son,roi_50ve200_cham,
son_roi_50ve200_cham_RETREATING.csv,2026-09-27T14:06:43.963,8.595,126.4,RETREATING,SAFE,son,roi_50ve200_cham,
son_roi_50ve200_cham_RETREATING.csv,2026-09-27T14:06:44.140,8.772,124.6,RETREATING,SAFE,son,roi_50ve200_cham,
son_roi_50ve200_cham_RETREATING.csv,2026-09-27T14:06:44.320,8.952,124.4,RETREATING,SAFE,son,roi_50ve200_cham,
son_roi_50ve200_cham_RETREATING.csv,2026-09-27T14:06:44.498,9.13,133.4,RETREATING,SAFE,son,roi_50ve200_cham,
son_roi_50ve200_cham_RETREATING.csv,2026-09-27T14:06:44.679,9.311,131.8,RETREATING,SAFE,son,roi_50ve200_cham,
son_roi_50ve200_cham_RETREATING.csv,2026-09-27T14:06:44.859,9.491,138.2,RETREATING,SAFE,son,roi_50ve200_cham,
son_roi_50ve200_cham_RETREATING.csv,2026-09-27T14:06:45.038,9.67,139.8,RETREATING,SAFE,son,roi_50ve200_cham,
son_roi_50ve200_cham_RETREATING.csv,2026-09-27T14:06:45.218,9.85,136.8,RETREATING,SAFE,son,roi_50ve200_cham,
son_roi_50ve200_cham_RETREATING.csv,2026-09-27T14:06:45.398,10.03,142.2,RETREATING,SAFE,son,roi_50ve200_cham,
son_roi_50ve200_cham_RETREATING.csv,2026-09-27T14:06:45.578,10.21,145.3,RETREATING,SAFE,son,roi_50ve200_cham,
son_roi_50ve200_cham_RETREATING.csv,2026-09-27T14:06:45.759,10.391,141.5,RETREATING,SAFE,son,roi_50ve200_cham,
son_roi_50ve200_cham_RETREATING.csv,2026-09-27T14:06:45.941,10.573,148.2,RETREATING,SAFE,son,roi_50ve200_cham,
son_roi_50ve200_cham_RETREATING.csv,2026-09-27T14:06:46.123,10.755,148.1,RETREATING,SAFE,son,roi_50ve200_cham,
son_roi_50ve200_cham_RETREATING.csv,2026-09-27T14:06:46.304,10.936,151.0,RETREATING,SAFE,son,roi_50ve200_cham,
son_roi_50ve200_cham_RETREATING.csv,2026-09-27T14:06:46.486,11.118,153.4,RETREATING,SAFE,son,roi_50ve200_cham,
son_roi_50ve200_cham_RETREATING.csv,2026-09-27T14:06:46.668,11.3,155.0,RETREATING,SAFE,son,roi_50ve200_cham,
son_roi_50ve200_cham_RETREATING.csv,2026-09-27T14:06:46.850,11.482,155.0,RETREATING,SAFE,son,roi_50ve200_cham,
son_roi_50ve200_cham_RETREATING.csv,2026-09-27T14:06:47.039,11.671,267.9,RETREATING,SAFE,son,roi_50ve200_cham,
son_roi_50ve200_cham_RETREATING.csv,2026-09-27T14:06:47.222,11.854,162.6,RETREATING,SAFE,son,roi_50ve200_cham,
son_roi_50ve200_cham_RETREATING.csv,2026-09-27T14:06:47.406,12.038,168.5,RETREATING,SAFE,son,roi_50ve200_cham,
son_roi_50ve200_cham_RETREATING.csv,2026-09-27T14:06:47.590,12.222,166.0,RETREATING,SAFE,son,roi_50ve200_cham,
son_roi_50ve200_cham_RETREATING.csv,2026-09-27T14:06:47.775,12.407,168.8,RETREATING,SAFE,son,roi_50ve200_cham,
son_roi_50ve200_cham_RETREATING.csv,2026-09-27T14:06:47.959,12.591,168.5,RETREATING,SAFE,son,roi_50ve200_cham,
son_roi_50ve200_cham_RETREATING.csv,2026-09-27T14:06:48.143,12.775,172.0,RETREATING,SAFE,son,roi_50ve200_cham,
son_roi_50ve200_cham_RETREATING.csv,2026-09-27T14:06:48.328,12.96,186.1,RETREATING,SAFE,son,roi_50ve200_cham,
son_roi_50ve200_cham_RETREATING.csv,2026-09-27T14:06:48.512,13.144,172.4,RETREATING,SAFE,son,roi_50ve200_cham,
son_roi_50ve200_cham_RETREATING.csv,2026-09-27T14:06:48.696,13.328,175.5,RETREATING,SAFE,son,roi_50ve200_cham,
son_roi_50ve200_cham_RETREATING.csv,2026-09-27T14:06:48.882,13.514,179.5,RETREATING,SAFE,son,roi_50ve200_cham,
son_roi_50ve200_cham_RETREATING.csv,2026-09-27T14:06:49.092,13.724,183.0,RETREATING,SAFE,son,roi_50ve200_cham,
son_roi_50ve200_cham_RETREATING.csv,2026-09-27T14:06:49.254,13.886,185.8,RETREATING,SAFE,son,roi_50ve200_cham,
son_roi_50ve200_cham_RETREATING.csv,2026-09-27T14:06:49.440,14.073,187.0,RETREATING,SAFE,son,roi_50ve200_cham,
son_roi_50ve200_cham_RETREATING.csv,2026-09-27T14:06:49.626,14.258,187.9,RETREATING,SAFE,son,roi_50ve200_cham,
son_roi_50ve200_cham_RETREATING.csv,2026-09-27T14:06:49.812,14.445,190.6,RETREATING,SAFE,son,roi_50ve200_cham,
son_roi_50ve200_cham_RETREATING.csv,2026-09-27T14:06:49.998,14.63,194.6,RETREATING,SAFE,son,roi_50ve200_cham,
son_roi_50ve200_cham_RETREATING.csv,2026-09-27T14:06:50.185,14.818,191.5,RETREATING,SAFE,son,roi_50ve200_cham,
son_roi_50ve200_cham_RETREATING.csv,2026-09-27T14:06:50.373,15.005,194.8,RETREATING,SAFE,son,roi_50ve200_cham,
son_roi_50ve200_cham_RETREATING.csv,2026-09-27T14:06:50.560,15.192,193.8,RETREATING,SAFE,son,roi_50ve200_cham,
son_roi_50ve200_cham_RETREATING.csv,2026-09-27T14:06:50.746,15.378,196.5,RETREATING,SAFE,son,roi_50ve200_cham,
son_roi_50ve200_cham_RETREATING.csv,2026-09-27T14:06:50.934,15.566,199.1,RETREATING,SAFE,son,roi_50ve200_cham,
son_roi_50ve200_cham_RETREATING.csv,2026-09-27T14:06:51.122,15.755,201.0,RETREATING,SAFE,son,roi_50ve200_cham,
son_roi_50ve200_cham_RETREATING.csv,2026-09-27T14:06:51.312,15.944,200.6,RETREATING,SAFE,son,roi_50ve200_cham,
son_roi_50ve200_cham_RETREATING.csv,2026-09-27T14:06:51.498,16.131,200.0,RETREATING,SAFE,son,roi_50ve200_cham,
son_roi_50ve200_cham_RETREATING.csv,2026-09-27T14:06:51.688,16.32,201.6,RETREATING,SAFE,son,roi_50ve200_cham,
son_roi_50ve200_cham_RETREATING.csv,2026-09-27T14:06:51.874,16.506,212.9,RETREATING,SAFE,son,roi_50ve200_cham,
son_roi_50ve200_cham_RETREATING.csv,2026-09-27T14:06:52.066,16.698,272.6,RETREATING,SAFE,son,roi_50ve200_cham,
son_roi_50ve200_cham_RETREATING.csv,2026-09-27T14:06:52.254,16.886,207.3,RETREATING,SAFE,son,roi_50ve200_cham,
son_roi_50ve200_cham_RETREATING.csv,2026-09-27T14:06:52.443,17.075,208.3,RETREATING,SAFE,son,roi_50ve200_cham,
son_roi_50ve200_cham_RETREATING.csv,2026-09-27T14:06:52.632,17.264,208.3,RETREATING,SAFE,son,roi_50ve200_cham,
son_roi_50ve200_cham_RETREATING.csv,2026-09-27T14:06:52.820,17.452,210.8,RETREATING,SAFE,son,roi_50ve200_cham,
son_roi_50ve200_cham_RETREATING.csv,2026-09-27T14:06:53.009,17.641,212.2,RETREATING,SAFE,son,roi_50ve200_cham,
son_roi_50ve200_cham_RETREATING.csv,2026-09-27T14:06:53.198,17.83,210.1,RETREATING,SAFE,son,roi_50ve200_cham,
son_roi_50ve200_cham_RETREATING.csv,2026-09-27T14:06:53.387,18.019,209.6,RETREATING,SAFE,son,roi_50ve200_cham,
son_roi_50ve200_cham_RETREATING.csv,2026-09-27T14:06:53.574,18.206,208.6,RETREATING,SAFE,son,roi_50ve200_cham,
son_roi_50ve200_cham_RETREATING.csv,2026-09-27T14:06:53.763,18.395,208.9,RETREATING,SAFE,son,roi_50ve200_cham,
son_roi_50ve200_cham_RETREATING.csv,2026-09-27T14:06:53.950,18.582,208.4,RETREATING,SAFE,son,roi_50ve200_cham,
son_roi_50ve200_cham_RETREATING.csv,2026-09-27T14:06:54.139,18.771,207.4,RETREATING,SAFE,son,roi_50ve200_cham,
son_roi_50ve200_cham_RETREATING.csv,2026-09-27T14:06:54.333,18.965,210.4,RETREATING,SAFE,son,roi_50ve200_cham,
son_roi_50ve200_cham_RETREATING.csv,2026-09-27T14:06:54.518,19.15,207.9,RETREATING,SAFE,son,roi_50ve200_cham,
son_tien_200ve100_cham_APPROACHING.csv,2026-09-27T13:31:30.281,0.083,201.5,APPROACHING,APPROACHING,son,tien_200ve100_cham,
son_tien_200ve100_cham_APPROACHING.csv,2026-09-27T13:31:30.469,0.271,200.7,APPROACHING,APPROACHING,son,tien_200ve100_cham,
son_tien_200ve100_cham_APPROACHING.csv,2026-09-27T13:31:30.657,0.459,200.6,APPROACHING,APPROACHING,son,tien_200ve100_cham,
son_tien_200ve100_cham_APPROACHING.csv,2026-09-27T13:31:30.847,0.649,200.4,APPROACHING,APPROACHING,son,tien_200ve100_cham,
son_tien_200ve100_cham_APPROACHING.csv,2026-09-27T13:31:31.039,0.841,202.0,APPROACHING,APPROACHING,son,tien_200ve100_cham,
son_tien_200ve100_cham_APPROACHING.csv,2026-09-27T13:31:31.229,1.031,213.8,APPROACHING,APPROACHING,son,tien_200ve100_cham,
son_tien_200ve100_cham_APPROACHING.csv,2026-09-27T13:31:31.417,1.219,205.7,APPROACHING,APPROACHING,son,tien_200ve100_cham,
son_tien_200ve100_cham_APPROACHING.csv,2026-09-27T13:31:31.609,1.411,202.4,APPROACHING,APPROACHING,son,tien_200ve100_cham,
son_tien_200ve100_cham_APPROACHING.csv,2026-09-27T13:31:31.798,1.599,201.9,APPROACHING,APPROACHING,son,tien_200ve100_cham,
son_tien_200ve100_cham_APPROACHING.csv,2026-09-27T13:31:31.986,1.788,202.6,APPROACHING,APPROACHING,son,tien_200ve100_cham,
son_tien_200ve100_cham_APPROACHING.csv,2026-09-27T13:31:32.172,1.974,192.5,APPROACHING,APPROACHING,son,tien_200ve100_cham,
son_tien_200ve100_cham_APPROACHING.csv,2026-09-27T13:31:32.357,2.159,187.8,APPROACHING,APPROACHING,son,tien_200ve100_cham,
son_tien_200ve100_cham_APPROACHING.csv,2026-09-27T13:31:32.543,2.345,185.6,APPROACHING,APPROACHING,son,tien_200ve100_cham,
son_tien_200ve100_cham_APPROACHING.csv,2026-09-27T13:31:32.730,2.532,186.7,APPROACHING,APPROACHING,son,tien_200ve100_cham,
son_tien_200ve100_cham_APPROACHING.csv,2026-09-27T13:31:32.916,2.718,184.0,APPROACHING,APPROACHING,son,tien_200ve100_cham,
son_tien_200ve100_cham_APPROACHING.csv,2026-09-27T13:31:33.101,2.903,181.9,APPROACHING,APPROACHING,son,tien_200ve100_cham,
son_tien_200ve100_cham_APPROACHING.csv,2026-09-27T13:31:33.286,3.088,177.1,APPROACHING,APPROACHING,son,tien_200ve100_cham,
son_tien_200ve100_cham_APPROACHING.csv,2026-09-27T13:31:33.479,3.28,188.8,APPROACHING,APPROACHING,son,tien_200ve100_cham,
son_tien_200ve100_cham_APPROACHING.csv,2026-09-27T13:31:33.663,3.464,172.9,APPROACHING,APPROACHING,son,tien_200ve100_cham,
son_tien_200ve100_cham_APPROACHING.csv,2026-09-27T13:31:33.845,3.647,169.8,APPROACHING,APPROACHING,son,tien_200ve100_cham,
son_tien_200ve100_cham_APPROACHING.csv,2026-09-27T13:31:34.028,3.83,163.1,APPROACHING,APPROACHING,son,tien_200ve100_cham,
son_tien_200ve100_cham_APPROACHING.csv,2026-09-27T13:31:34.211,4.012,158.9,APPROACHING,APPROACHING,son,tien_200ve100_cham,
son_tien_200ve100_cham_APPROACHING.csv,2026-09-27T13:31:34.393,4.195,157.3,APPROACHING,APPROACHING,son,tien_200ve100_cham,
son_tien_200ve100_cham_APPROACHING.csv,2026-09-27T13:31:34.577,4.378,156.4,APPROACHING,APPROACHING,son,tien_200ve100_cham,
son_tien_200ve100_cham_APPROACHING.csv,2026-09-27T13:31:34.758,4.56,154.2,APPROACHING,APPROACHING,son,tien_200ve100_cham,
son_tien_200ve100_cham_APPROACHING.csv,2026-09-27T13:31:34.946,4.747,150.7,APPROACHING,APPROACHING,son,tien_200ve100_cham,
son_tien_200ve100_cham_APPROACHING.csv,2026-09-27T13:31:35.123,4.925,149.4,APPROACHING,APPROACHING,son,tien_200ve100_cham,
son_tien_200ve100_cham_APPROACHING.csv,2026-09-27T13:31:35.302,5.103,145.4,APPROACHING,APPROACHING,son,tien_200ve100_cham,
son_tien_200ve100_cham_APPROACHING.csv,2026-09-27T13:31:35.483,5.285,141.8,APPROACHING,APPROACHING,son,tien_200ve100_cham,
son_tien_200ve100_cham_APPROACHING.csv,2026-09-27T13:31:35.664,5.466,142.9,APPROACHING,APPROACHING,son,tien_200ve100_cham,
son_tien_200ve100_cham_APPROACHING.csv,2026-09-27T13:31:35.844,5.646,139.8,APPROACHING,APPROACHING,son,tien_200ve100_cham,
son_tien_200ve100_cham_APPROACHING.csv,2026-09-27T13:31:36.024,5.825,136.5,APPROACHING,APPROACHING,son,tien_200ve100_cham,
son_tien_200ve100_cham_APPROACHING.csv,2026-09-27T13:31:36.203,6.005,132.4,APPROACHING,APPROACHING,son,tien_200ve100_cham,
son_tien_200ve100_cham_APPROACHING.csv,2026-09-27T13:31:36.382,6.184,129.8,APPROACHING,APPROACHING,son,tien_200ve100_cham,
son_tien_200ve100_cham_APPROACHING.csv,2026-09-27T13:31:36.583,6.385,125.5,APPROACHING,APPROACHING,son,tien_200ve100_cham,
son_tien_200ve100_cham_APPROACHING.csv,2026-09-27T13:31:36.739,6.541,120.2,APPROACHING,APPROACHING,son,tien_200ve100_cham,
son_tien_200ve100_cham_APPROACHING.csv,2026-09-27T13:31:36.918,6.72,125.2,APPROACHING,APPROACHING,son,tien_200ve100_cham,
son_tien_200ve100_cham_APPROACHING.csv,2026-09-27T13:31:37.094,6.896,119.9,APPROACHING,APPROACHING,son,tien_200ve100_cham,
son_tien_200ve100_cham_APPROACHING.csv,2026-09-27T13:31:37.272,7.074,117.9,APPROACHING,APPROACHING,son,tien_200ve100_cham,
son_tien_200ve100_cham_APPROACHING.csv,2026-09-27T13:31:37.450,7.252,114.1,APPROACHING,APPROACHING,son,tien_200ve100_cham,
son_tien_200ve100_cham_APPROACHING.csv,2026-09-27T13:31:37.627,7.429,109.1,APPROACHING,APPROACHING,son,tien_200ve100_cham,
son_tien_200ve100_cham_APPROACHING.csv,2026-09-27T13:31:37.804,7.606,103.4,APPROACHING,APPROACHING,son,tien_200ve100_cham,
son_tien_200ve100_cham_APPROACHING.csv,2026-09-27T13:31:37.980,7.782,102.6,APPROACHING,APPROACHING,son,tien_200ve100_cham,
son_tien_200ve100_cham_APPROACHING.csv,2026-09-27T13:31:38.156,7.958,104.0,APPROACHING,APPROACHING,son,tien_200ve100_cham,
son_tien_200ve100_cham_APPROACHING.csv,2026-09-27T13:31:38.332,8.134,100.3,APPROACHING,APPROACHING,son,tien_200ve100_cham,
son_tien_200ve100_cham_APPROACHING.csv,2026-09-27T13:31:38.508,8.31,97.9,APPROACHING,APPROACHING,son,tien_200ve100_cham,
son_tien_200ve100_cham_APPROACHING.csv,2026-09-27T13:31:38.684,8.486,96.3,APPROACHING,APPROACHING,son,tien_200ve100_cham,
son_tien_200ve100_cham_APPROACHING.csv,2026-09-27T13:31:38.860,8.662,99.4,APPROACHING,APPROACHING,son,tien_200ve100_cham,
son_tien_200ve100_cham_APPROACHING.csv,2026-09-27T13:31:39.036,8.838,96.2,APPROACHING,APPROACHING,son,tien_200ve100_cham,
son_tien_200ve100_cham_APPROACHING.csv,2026-09-27T13:31:39.213,9.014,98.1,APPROACHING,APPROACHING,son,tien_200ve100_cham,
son_tien_200ve100_cham_APPROACHING.csv,2026-09-27T13:31:39.388,9.19,98.5,APPROACHING,APPROACHING,son,tien_200ve100_cham,
son_tien_200ve100_cham_APPROACHING.csv,2026-09-27T13:31:39.564,9.366,98.0,APPROACHING,APPROACHING,son,tien_200ve100_cham,
son_tien_200ve100_cham_APPROACHING.csv,2026-09-27T13:31:39.740,9.542,96.0,APPROACHING,APPROACHING,son,tien_200ve100_cham,
son_tien_200ve100_cham_APPROACHING.csv,2026-09-27T13:31:39.916,9.718,97.1,APPROACHING,APPROACHING,son,tien_200ve100_cham,
son_tien_200ve100_cham_APPROACHING.csv,2026-09-27T13:31:40.092,9.894,98.3,APPROACHING,APPROACHING,son,tien_200ve100_cham,
son_tien_200ve100_cham_APPROACHING.csv,2026-09-27T13:31:40.269,10.07,98.1,APPROACHING,APPROACHING,son,tien_200ve100_cham,
son_tien_200ve100_cham_APPROACHING.csv,2026-09-27T13:31:40.445,10.247,99.0,APPROACHING,APPROACHING,son,tien_200ve100_cham,
son_tien_200ve100_cham_APPROACHING.csv,2026-09-27T13:31:40.620,10.422,99.4,APPROACHING,APPROACHING,son,tien_200ve100_cham,
son_tien_200ve100_cham_APPROACHING.csv,2026-09-27T13:31:40.796,10.598,98.9,APPROACHING,APPROACHING,son,tien_200ve100_cham,
son_tien_200ve100_cham_APPROACHING.csv,2026-09-27T13:31:40.972,10.774,99.0,APPROACHING,APPROACHING,son,tien_200ve100_cham,
son_tien_200ve100_cham_APPROACHING.csv,2026-09-27T13:31:41.148,10.95,100.8,APPROACHING,APPROACHING,son,tien_200ve100_cham,
son_tien_200ve100_cham_APPROACHING.csv,2026-09-27T13:31:41.324,11.126,99.0,APPROACHING,APPROACHING,son,tien_200ve100_cham,
son_tien_200ve100_cham_APPROACHING.csv,2026-09-27T13:31:41.500,11.302,98.8,APPROACHING,APPROACHING,son,tien_200ve100_cham,
son_tien_200ve100_cham_APPROACHING.csv,2026-09-27T13:31:41.677,11.478,100.0,APPROACHING,APPROACHING,son,tien_200ve100_cham,
son_tien_200ve100_cham_APPROACHING.csv,2026-09-27T13:31:41.853,11.654,100.3,APPROACHING,APPROACHING,son,tien_200ve100_cham,
son_tien_200ve100_cham_APPROACHING.csv,2026-09-27T13:31:42.029,11.831,100.7,APPROACHING,APPROACHING,son,tien_200ve100_cham,
son_tien_200ve100_cham_APPROACHING.csv,2026-09-27T13:31:42.205,12.007,100.3,APPROACHING,APPROACHING,son,tien_200ve100_cham,
son_tien_200ve100_cham_APPROACHING.csv,2026-09-27T13:31:42.381,12.183,100.3,APPROACHING,APPROACHING,son,tien_200ve100_cham,
son_tien_200ve100_cham_APPROACHING.csv,2026-09-27T13:31:42.557,12.359,100.7,APPROACHING,APPROACHING,son,tien_200ve100_cham,
son_tien_200ve100_cham_APPROACHING.csv,2026-09-27T13:31:42.757,12.559,100.3,APPROACHING,APPROACHING,son,tien_200ve100_cham,
son_tien_200ve100_cham_APPROACHING.csv,2026-09-27T13:31:42.908,12.71,100.7,APPROACHING,APPROACHING,son,tien_200ve100_cham,
son_tien_200ve100_cham_APPROACHING.csv,2026-09-27T13:31:43.084,12.886,98.9,APPROACHING,APPROACHING,son,tien_200ve100_cham,
son_tien_200ve100_cham_APPROACHING.csv,2026-09-27T13:31:43.260,13.062,99.0,APPROACHING,APPROACHING,son,tien_200ve100_cham,
son_tien_200ve100_cham_APPROACHING.csv,2026-09-27T13:31:46.382,16.184,99.2,APPROACHING,APPROACHING,son,tien_200ve100_cham,
son_tien_200ve100_cham_APPROACHING.csv,2026-09-27T13:31:46.383,16.185,98.7,APPROACHING,APPROACHING,son,tien_200ve100_cham,
son_tien_200ve100_cham_APPROACHING.csv,2026-09-27T13:31:46.384,16.186,98.3,APPROACHING,APPROACHING,son,tien_200ve100_cham,
son_tien_200ve100_cham_APPROACHING.csv,2026-09-27T13:31:46.385,16.187,99.3,APPROACHING,APPROACHING,son,tien_200ve100_cham,
son_tien_200ve100_cham_APPROACHING.csv,2026-09-27T13:31:46.386,16.188,98.4,APPROACHING,APPROACHING,son,tien_200ve100_cham,
son_tien_200ve100_cham_APPROACHING.csv,2026-09-27T13:31:46.387,16.189,97.6,APPROACHING,APPROACHING,son,tien_200ve100_cham,
son_tien_200ve100_cham_APPROACHING.csv,2026-09-27T13:31:46.388,16.19,100.6,APPROACHING,APPROACHING,son,tien_200ve100_cham,
son_tien_200ve100_cham_APPROACHING.csv,2026-09-27T13:31:46.389,16.191,98.5,APPROACHING,APPROACHING,son,tien_200ve100_cham,
son_tien_200ve100_cham_APPROACHING.csv,2026-09-27T13:31:46.390,16.192,97.9,APPROACHING,APPROACHING,son,tien_200ve100_cham,
son_tien_200ve100_cham_APPROACHING.csv,2026-09-27T13:31:46.391,16.193,90.5,APPROACHING,APPROACHING,son,tien_200ve100_cham,
son_tien_200ve100_cham_APPROACHING.csv,2026-09-27T13:31:46.392,16.194,92.4,APPROACHING,APPROACHING,son,tien_200ve100_cham,
son_tien_200ve100_cham_APPROACHING.csv,2026-09-27T13:31:46.393,16.195,98.0,APPROACHING,APPROACHING,son,tien_200ve100_cham,
son_tien_200ve100_cham_APPROACHING.csv,2026-09-27T13:31:46.395,16.196,97.9,APPROACHING,APPROACHING,son,tien_200ve100_cham,
son_tien_200ve100_cham_APPROACHING.csv,2026-09-27T13:31:46.396,16.197,97.8,APPROACHING,APPROACHING,son,tien_200ve100_cham,
son_tien_200ve100_cham_APPROACHING.csv,2026-09-27T13:31:46.397,16.198,98.1,APPROACHING,APPROACHING,son,tien_200ve100_cham,
son_tien_200ve100_cham_APPROACHING.csv,2026-09-27T13:31:46.398,16.199,99.2,APPROACHING,APPROACHING,son,tien_200ve100_cham,
son_tien_200ve100_cham_APPROACHING.csv,2026-09-27T13:31:46.427,16.229,98.1,APPROACHING,APPROACHING,son,tien_200ve100_cham,
son_tien_200ve100_cham_APPROACHING.csv,2026-09-27T13:31:46.603,16.405,98.9,APPROACHING,APPROACHING,son,tien_200ve100_cham,
son_tien_200ve100_cham_APPROACHING.csv,2026-09-27T13:31:46.779,16.581,98.4,APPROACHING,APPROACHING,son,tien_200ve100_cham,
son_tien_200ve100_cham_APPROACHING.csv,2026-09-27T13:31:46.955,16.757,98.2,APPROACHING,APPROACHING,son,tien_200ve100_cham,
son_tien_200ve100_cham_APPROACHING.csv,2026-09-27T13:31:47.131,16.933,97.4,APPROACHING,APPROACHING,son,tien_200ve100_cham,
son_tien_200ve100_cham_APPROACHING.csv,2026-09-27T13:31:47.307,17.109,96.9,APPROACHING,APPROACHING,son,tien_200ve100_cham,
son_tien_200ve100_cham_APPROACHING.csv,2026-09-27T13:31:47.483,17.285,96.5,APPROACHING,APPROACHING,son,tien_200ve100_cham,
son_tien_200ve100_cham_APPROACHING.csv,2026-09-27T13:31:47.659,17.461,96.4,APPROACHING,APPROACHING,son,tien_200ve100_cham,
son_trong_EMPTY.csv,2026-09-27T14:12:52.433,0.11,248.9,EMPTY,SAFE,son,trong,
son_trong_EMPTY.csv,2026-09-27T14:12:52.625,0.302,215.0,EMPTY,SAFE,son,trong,
son_trong_EMPTY.csv,2026-09-27T14:12:52.818,0.495,248.1,EMPTY,SAFE,son,trong,
son_trong_EMPTY.csv,2026-09-27T14:12:53.009,0.686,215.0,EMPTY,SAFE,son,trong,
son_trong_EMPTY.csv,2026-09-27T14:12:53.200,0.877,215.4,EMPTY,SAFE,son,trong,
son_trong_EMPTY.csv,2026-09-27T14:12:53.393,1.07,248.5,EMPTY,SAFE,son,trong,
son_trong_EMPTY.csv,2026-09-27T14:12:53.584,1.261,215.8,EMPTY,SAFE,son,trong,
son_trong_EMPTY.csv,2026-09-27T14:12:53.776,1.453,215.8,EMPTY,SAFE,son,trong,
son_trong_EMPTY.csv,2026-09-27T14:12:53.969,1.646,248.1,EMPTY,SAFE,son,trong,
son_trong_EMPTY.csv,2026-09-27T14:12:54.162,1.839,248.1,EMPTY,SAFE,son,trong,
son_trong_EMPTY.csv,2026-09-27T14:12:54.354,2.031,215.8,EMPTY,SAFE,son,trong,
son_trong_EMPTY.csv,2026-09-27T14:12:54.547,2.224,248.1,EMPTY,SAFE,son,trong,
son_trong_EMPTY.csv,2026-09-27T14:12:54.740,2.417,248.1,EMPTY,SAFE,son,trong,
son_trong_EMPTY.csv,2026-09-27T14:12:54.931,2.608,215.0,EMPTY,SAFE,son,trong,
son_trong_EMPTY.csv,2026-09-27T14:12:55.124,2.801,248.5,EMPTY,SAFE,son,trong,
son_trong_EMPTY.csv,2026-09-27T14:12:55.317,2.994,248.1,EMPTY,SAFE,son,trong,
son_trong_EMPTY.csv,2026-09-27T14:12:55.508,3.185,214.5,EMPTY,SAFE,son,trong,
son_trong_EMPTY.csv,2026-09-27T14:12:55.701,3.378,248.1,EMPTY,SAFE,son,trong,
son_trong_EMPTY.csv,2026-09-27T14:12:55.894,3.571,248.5,EMPTY,SAFE,son,trong,
son_trong_EMPTY.csv,2026-09-27T14:12:56.087,3.764,248.6,EMPTY,SAFE,son,trong,
son_trong_EMPTY.csv,2026-09-27T14:12:56.280,3.957,248.6,EMPTY,SAFE,son,trong,
son_trong_EMPTY.csv,2026-09-27T14:12:56.473,4.15,248.5,EMPTY,SAFE,son,trong,
son_trong_EMPTY.csv,2026-09-27T14:12:56.666,4.343,248.6,EMPTY,SAFE,son,trong,
son_trong_EMPTY.csv,2026-09-27T14:12:56.857,4.534,215.0,EMPTY,SAFE,son,trong,
son_trong_EMPTY.csv,2026-09-27T14:12:57.050,4.727,248.5,EMPTY,SAFE,son,trong,
son_trong_EMPTY.csv,2026-09-27T14:12:57.243,4.92,248.6,EMPTY,SAFE,son,trong,
son_trong_EMPTY.csv,2026-09-27T14:12:57.435,5.111,215.4,EMPTY,SAFE,son,trong,
son_trong_EMPTY.csv,2026-09-27T14:12:57.628,5.305,248.1,EMPTY,SAFE,son,trong,
son_trong_EMPTY.csv,2026-09-27T14:12:57.819,5.496,215.4,EMPTY,SAFE,son,trong,
son_trong_EMPTY.csv,2026-09-27T14:12:58.009,5.685,214.6,EMPTY,SAFE,son,trong,
son_trong_EMPTY.csv,2026-09-27T14:12:58.201,5.877,216.4,EMPTY,SAFE,son,trong,
son_trong_EMPTY.csv,2026-09-27T14:12:58.392,6.068,215.0,EMPTY,SAFE,son,trong,
son_trong_EMPTY.csv,2026-09-27T14:12:58.583,6.259,215.0,EMPTY,SAFE,son,trong,
son_trong_EMPTY.csv,2026-09-27T14:12:58.775,6.452,216.3,EMPTY,SAFE,son,trong,
son_trong_EMPTY.csv,2026-09-27T14:12:58.968,6.645,248.0,EMPTY,SAFE,son,trong,
son_trong_EMPTY.csv,2026-09-27T14:12:59.161,6.838,248.5,EMPTY,SAFE,son,trong,
son_trong_EMPTY.csv,2026-09-27T14:12:59.354,7.031,248.5,EMPTY,SAFE,son,trong,
son_trong_EMPTY.csv,2026-09-27T14:12:59.547,7.224,248.0,EMPTY,SAFE,son,trong,
son_trong_EMPTY.csv,2026-09-27T14:12:59.738,7.415,215.0,EMPTY,SAFE,son,trong,
son_trong_EMPTY.csv,2026-09-27T14:12:59.930,7.607,215.4,EMPTY,SAFE,son,trong,
son_trong_EMPTY.csv,2026-09-27T14:13:00.123,7.8,248.5,EMPTY,SAFE,son,trong,
son_trong_EMPTY.csv,2026-09-27T14:13:00.315,7.992,248.5,EMPTY,SAFE,son,trong,
son_trong_EMPTY.csv,2026-09-27T14:13:00.506,8.183,215.4,EMPTY,SAFE,son,trong,
son_trong_EMPTY.csv,2026-09-27T14:13:00.698,8.375,216.3,EMPTY,SAFE,son,trong,
son_trong_EMPTY.csv,2026-09-27T14:13:00.892,8.569,248.0,EMPTY,SAFE,son,trong,
son_trong_EMPTY.csv,2026-09-27T14:13:01.085,8.762,248.1,EMPTY,SAFE,son,trong,
son_trong_EMPTY.csv,2026-09-27T14:13:01.299,8.976,248.5,EMPTY,SAFE,son,trong,
son_trong_EMPTY.csv,2026-09-27T14:13:01.469,9.146,216.7,EMPTY,SAFE,son,trong,
son_trong_EMPTY.csv,2026-09-27T14:13:01.661,9.338,216.3,EMPTY,SAFE,son,trong,
son_trong_EMPTY.csv,2026-09-27T14:13:01.842,9.519,248.1,EMPTY,SAFE,son,trong,
son_trong_EMPTY.csv,2026-09-27T14:13:02.034,9.711,215.5,EMPTY,SAFE,son,trong,
son_trong_EMPTY.csv,2026-09-27T14:13:02.227,9.904,248.5,EMPTY,SAFE,son,trong,
son_trong_EMPTY.csv,2026-09-27T14:13:02.419,10.096,216.3,EMPTY,SAFE,son,trong,
son_trong_EMPTY.csv,2026-09-27T14:13:02.610,10.287,215.0,EMPTY,SAFE,son,trong,
son_trong_EMPTY.csv,2026-09-27T14:13:02.803,10.48,215.4,EMPTY,SAFE,son,trong,
son_trong_EMPTY.csv,2026-09-27T14:13:02.995,10.672,248.1,EMPTY,SAFE,son,trong,
son_trong_EMPTY.csv,2026-09-27T14:13:03.187,10.863,215.9,EMPTY,SAFE,son,trong,
son_trong_EMPTY.csv,2026-09-27T14:13:03.380,11.056,248.0,EMPTY,SAFE,son,trong,
son_trong_EMPTY.csv,2026-09-27T14:13:03.570,11.247,215.5,EMPTY,SAFE,son,trong,
son_trong_EMPTY.csv,2026-09-27T14:13:03.763,11.44,215.9,EMPTY,SAFE,son,trong,
son_trong_EMPTY.csv,2026-09-27T14:13:03.955,11.632,216.3,EMPTY,SAFE,son,trong,
son_trong_EMPTY.csv,2026-09-27T14:13:04.169,11.846,248.4,EMPTY,SAFE,son,trong,
son_trong_EMPTY.csv,2026-09-27T14:13:04.339,12.016,215.8,EMPTY,SAFE,son,trong,
son_trong_EMPTY.csv,2026-09-27T14:13:04.532,12.209,248.5,EMPTY,SAFE,son,trong,
son_trong_EMPTY.csv,2026-09-27T14:13:04.723,12.4,215.4,EMPTY,SAFE,son,trong,
son_trong_EMPTY.csv,2026-09-27T14:13:04.914,12.591,215.4,EMPTY,SAFE,son,trong,
son_trong_EMPTY.csv,2026-09-27T14:13:05.105,12.782,215.4,EMPTY,SAFE,son,trong,
son_trong_EMPTY.csv,2026-09-27T14:13:05.297,12.974,216.3,EMPTY,SAFE,son,trong,
son_trong_EMPTY.csv,2026-09-27T14:13:05.490,13.167,248.5,EMPTY,SAFE,son,trong,
son_trong_EMPTY.csv,2026-09-27T14:13:05.681,13.358,215.4,EMPTY,SAFE,son,trong,
son_trong_EMPTY.csv,2026-09-27T14:13:05.874,13.551,248.1,EMPTY,SAFE,son,trong,
son_trong_EMPTY.csv,2026-09-27T14:13:06.067,13.744,248.0,EMPTY,SAFE,son,trong,
son_trong_EMPTY.csv,2026-09-27T14:13:06.258,13.935,214.6,EMPTY,SAFE,son,trong,
son_trong_EMPTY.csv,2026-09-27T14:13:06.451,14.128,248.5,EMPTY,SAFE,son,trong,
son_trong_EMPTY.csv,2026-09-27T14:13:06.644,14.321,248.5,EMPTY,SAFE,son,trong,
son_trong_EMPTY.csv,2026-09-27T14:13:06.835,14.512,215.4,EMPTY,SAFE,son,trong,
son_trong_EMPTY.csv,2026-09-27T14:13:07.028,14.705,248.1,EMPTY,SAFE,son,trong,
son_trong_EMPTY.csv,2026-09-27T14:13:07.220,14.897,216.3,EMPTY,SAFE,son,trong,
son_trong_EMPTY.csv,2026-09-27T14:13:07.412,15.088,215.4,EMPTY,SAFE,son,trong,
son_trong_EMPTY.csv,2026-09-27T14:13:07.604,15.281,248.1,EMPTY,SAFE,son,trong,
son_trong_EMPTY.csv,2026-09-27T14:13:07.796,15.473,215.0,EMPTY,SAFE,son,trong,
son_trong_EMPTY.csv,2026-09-27T14:13:07.989,15.666,248.5,EMPTY,SAFE,son,trong,
son_trong_EMPTY.csv,2026-09-27T14:13:08.181,15.858,215.9,EMPTY,SAFE,son,trong,
son_trong_EMPTY.csv,2026-09-27T14:13:08.373,16.05,248.5,EMPTY,SAFE,son,trong,
son_trong_EMPTY.csv,2026-09-27T14:13:08.566,16.243,248.5,EMPTY,SAFE,son,trong,
son_trong_EMPTY.csv,2026-09-27T14:13:08.758,16.435,216.3,EMPTY,SAFE,son,trong,
son_trong_EMPTY.csv,2026-09-27T14:13:08.950,16.627,215.8,EMPTY,SAFE,son,trong,
son_trong_EMPTY.csv,2026-09-27T14:13:09.141,16.818,214.6,EMPTY,SAFE,son,trong,
son_trong_EMPTY.csv,2026-09-27T14:13:09.333,17.01,215.9,EMPTY,SAFE,son,trong,
son_trong_EMPTY.csv,2026-09-27T14:13:09.525,17.202,215.9,EMPTY,SAFE,son,trong,
son_trong_EMPTY.csv,2026-09-27T14:13:09.718,17.395,248.6,EMPTY,SAFE,son,trong,
son_trong_EMPTY.csv,2026-09-27T14:13:09.909,17.586,214.6,EMPTY,SAFE,son,trong,
son_trong_EMPTY.csv,2026-09-27T14:13:10.102,17.779,248.1,EMPTY,SAFE,son,trong,
son_trong_EMPTY.csv,2026-09-27T14:13:10.293,17.97,214.5,EMPTY,SAFE,son,trong,
son_trong_EMPTY.csv,2026-09-27T14:13:10.485,18.162,216.3,EMPTY,SAFE,son,trong,
son_trong_EMPTY.csv,2026-09-27T14:13:10.678,18.355,248.5,EMPTY,SAFE,son,trong,
son_trong_EMPTY.csv,2026-09-27T14:13:10.869,18.546,215.4,EMPTY,SAFE,son,trong,
son_trong_EMPTY.csv,2026-09-27T14:13:11.061,18.738,215.4,EMPTY,SAFE,son,trong,
son_trong_EMPTY.csv,2026-09-27T14:13:11.252,18.929,215.5,EMPTY,SAFE,son,trong,
son_trong_EMPTY.csv,2026-09-27T14:13:11.444,19.121,215.9,EMPTY,SAFE,son,trong,
son_trong_EMPTY.csv,2026-09-27T14:13:11.635,19.312,215.4,EMPTY,SAFE,son,trong,
son_trong_EMPTY.csv,2026-09-27T14:13:11.826,19.502,215.5,EMPTY,SAFE,son,trong,
son_vatnho_100_SAFE.csv,2026-09-27T14:18:36.584,0.146,103.4,SAFE,SAFE,son,vatnho_100,chai nuoc
son_vatnho_100_SAFE.csv,2026-09-27T14:18:36.759,0.321,97.3,SAFE,SAFE,son,vatnho_100,chai nuoc
son_vatnho_100_SAFE.csv,2026-09-27T14:18:36.935,0.497,98.6,SAFE,SAFE,son,vatnho_100,chai nuoc
son_vatnho_100_SAFE.csv,2026-09-27T14:18:37.111,0.673,98.6,SAFE,SAFE,son,vatnho_100,chai nuoc
son_vatnho_100_SAFE.csv,2026-09-27T14:18:37.287,0.849,97.8,SAFE,SAFE,son,vatnho_100,chai nuoc
son_vatnho_100_SAFE.csv,2026-09-27T14:18:37.463,1.025,97.7,SAFE,SAFE,son,vatnho_100,chai nuoc
son_vatnho_100_SAFE.csv,2026-09-27T14:18:37.639,1.201,99.1,SAFE,SAFE,son,vatnho_100,chai nuoc
son_vatnho_100_SAFE.csv,2026-09-27T14:18:37.815,1.377,103.4,SAFE,SAFE,son,vatnho_100,chai nuoc
son_vatnho_100_SAFE.csv,2026-09-27T14:18:37.991,1.553,99.1,SAFE,SAFE,son,vatnho_100,chai nuoc
son_vatnho_100_SAFE.csv,2026-09-27T14:18:38.167,1.729,99.1,SAFE,SAFE,son,vatnho_100,chai nuoc
son_vatnho_100_SAFE.csv,2026-09-27T14:18:38.343,1.905,98.2,SAFE,SAFE,son,vatnho_100,chai nuoc
son_vatnho_100_SAFE.csv,2026-09-27T14:18:38.521,2.083,133.9,SAFE,SAFE,son,vatnho_100,chai nuoc
son_vatnho_100_SAFE.csv,2026-09-27T14:18:38.703,2.265,214.6,SAFE,SAFE,son,vatnho_100,chai nuoc
son_vatnho_100_SAFE.csv,2026-09-27T14:18:38.879,2.441,99.1,SAFE,SAFE,son,vatnho_100,chai nuoc
son_vatnho_100_SAFE.csv,2026-09-27T14:18:39.055,2.617,97.3,SAFE,SAFE,son,vatnho_100,chai nuoc
son_vatnho_100_SAFE.csv,2026-09-27T14:18:39.231,2.793,97.3,SAFE,SAFE,son,vatnho_100,chai nuoc
son_vatnho_100_SAFE.csv,2026-09-27T14:18:39.407,2.969,99.1,SAFE,SAFE,son,vatnho_100,chai nuoc
son_vatnho_100_SAFE.csv,2026-09-27T14:18:39.583,3.145,97.8,SAFE,SAFE,son,vatnho_100,chai nuoc
son_vatnho_100_SAFE.csv,2026-09-27T14:18:39.759,3.321,97.3,SAFE,SAFE,son,vatnho_100,chai nuoc
son_vatnho_100_SAFE.csv,2026-09-27T14:18:39.935,3.497,97.4,SAFE,SAFE,son,vatnho_100,chai nuoc
son_vatnho_100_SAFE.csv,2026-09-27T14:18:40.111,3.673,98.2,SAFE,SAFE,son,vatnho_100,chai nuoc
son_vatnho_100_SAFE.csv,2026-09-27T14:18:40.287,3.849,111.8,SAFE,SAFE,son,vatnho_100,chai nuoc
son_vatnho_100_SAFE.csv,2026-09-27T14:18:40.463,4.025,111.8,SAFE,SAFE,son,vatnho_100,chai nuoc
son_vatnho_100_SAFE.csv,2026-09-27T14:18:40.639,4.202,97.8,SAFE,SAFE,son,vatnho_100,chai nuoc
son_vatnho_100_SAFE.csv,2026-09-27T14:18:40.816,4.378,98.2,SAFE,SAFE,son,vatnho_100,chai nuoc
son_vatnho_100_SAFE.csv,2026-09-27T14:18:40.991,4.554,97.8,SAFE,SAFE,son,vatnho_100,chai nuoc
son_vatnho_100_SAFE.csv,2026-09-27T14:18:41.186,4.748,98.1,SAFE,SAFE,son,vatnho_100,chai nuoc
son_vatnho_100_SAFE.csv,2026-09-27T14:18:41.344,4.906,98.6,SAFE,SAFE,son,vatnho_100,chai nuoc
son_vatnho_100_SAFE.csv,2026-09-27T14:18:41.520,5.082,98.1,SAFE,SAFE,son,vatnho_100,chai nuoc
son_vatnho_100_SAFE.csv,2026-09-27T14:18:41.695,5.257,97.7,SAFE,SAFE,son,vatnho_100,chai nuoc
son_vatnho_100_SAFE.csv,2026-09-27T14:18:41.873,5.435,113.3,SAFE,SAFE,son,vatnho_100,chai nuoc
son_vatnho_100_SAFE.csv,2026-09-27T14:18:42.049,5.612,97.3,SAFE,SAFE,son,vatnho_100,chai nuoc
son_vatnho_100_SAFE.csv,2026-09-27T14:18:42.225,5.787,111.9,SAFE,SAFE,son,vatnho_100,chai nuoc
son_vatnho_100_SAFE.csv,2026-09-27T14:18:42.422,5.984,97.7,SAFE,SAFE,son,vatnho_100,chai nuoc
son_vatnho_100_SAFE.csv,2026-09-27T14:18:42.576,6.138,99.4,SAFE,SAFE,son,vatnho_100,chai nuoc
son_vatnho_100_SAFE.csv,2026-09-27T14:18:42.752,6.314,97.7,SAFE,SAFE,son,vatnho_100,chai nuoc
son_vatnho_100_SAFE.csv,2026-09-27T14:18:42.928,6.49,97.7,SAFE,SAFE,son,vatnho_100,chai nuoc
son_vatnho_100_SAFE.csv,2026-09-27T14:18:43.104,6.666,98.6,SAFE,SAFE,son,vatnho_100,chai nuoc
son_vatnho_100_SAFE.csv,2026-09-27T14:18:43.280,6.842,97.7,SAFE,SAFE,son,vatnho_100,chai nuoc
son_vatnho_100_SAFE.csv,2026-09-27T14:18:43.456,7.018,98.6,SAFE,SAFE,son,vatnho_100,chai nuoc
son_vatnho_100_SAFE.csv,2026-09-27T14:18:43.632,7.194,98.1,SAFE,SAFE,son,vatnho_100,chai nuoc
son_vatnho_100_SAFE.csv,2026-09-27T14:18:43.808,7.37,98.2,SAFE,SAFE,son,vatnho_100,chai nuoc
son_vatnho_100_SAFE.csv,2026-09-27T14:18:43.984,7.546,99.0,SAFE,SAFE,son,vatnho_100,chai nuoc
son_vatnho_100_SAFE.csv,2026-09-27T14:18:44.160,7.722,97.7,SAFE,SAFE,son,vatnho_100,chai nuoc
son_vatnho_100_SAFE.csv,2026-09-27T14:18:44.336,7.898,97.7,SAFE,SAFE,son,vatnho_100,chai nuoc
son_vatnho_100_SAFE.csv,2026-09-27T14:18:44.512,8.074,97.3,SAFE,SAFE,son,vatnho_100,chai nuoc
son_vatnho_100_SAFE.csv,2026-09-27T14:18:44.688,8.25,97.7,SAFE,SAFE,son,vatnho_100,chai nuoc
son_vatnho_100_SAFE.csv,2026-09-27T14:18:44.864,8.426,97.2,SAFE,SAFE,son,vatnho_100,chai nuoc
son_vatnho_100_SAFE.csv,2026-09-27T14:18:45.040,8.602,96.8,SAFE,SAFE,son,vatnho_100,chai nuoc
son_vatnho_100_SAFE.csv,2026-09-27T14:18:45.216,8.778,97.2,SAFE,SAFE,son,vatnho_100,chai nuoc
son_vatnho_100_SAFE.csv,2026-09-27T14:18:45.392,8.954,97.6,SAFE,SAFE,son,vatnho_100,chai nuoc
son_vatnho_100_SAFE.csv,2026-09-27T14:18:45.568,9.13,96.8,SAFE,SAFE,son,vatnho_100,chai nuoc
son_vatnho_100_SAFE.csv,2026-09-27T14:18:45.744,9.306,97.2,SAFE,SAFE,son,vatnho_100,chai nuoc
son_vatnho_100_SAFE.csv,2026-09-27T14:18:45.920,9.482,96.3,SAFE,SAFE,son,vatnho_100,chai nuoc
son_vatnho_100_SAFE.csv,2026-09-27T14:18:46.096,9.658,96.8,SAFE,SAFE,son,vatnho_100,chai nuoc
son_vatnho_100_SAFE.csv,2026-09-27T14:18:46.272,9.834,96.8,SAFE,SAFE,son,vatnho_100,chai nuoc
son_vatnho_100_SAFE.csv,2026-09-27T14:18:46.448,10.01,96.8,SAFE,SAFE,son,vatnho_100,chai nuoc
son_vatnho_100_SAFE.csv,2026-09-27T14:18:46.624,10.186,96.8,SAFE,SAFE,son,vatnho_100,chai nuoc
son_vatnho_100_SAFE.csv,2026-09-27T14:18:46.800,10.362,97.2,SAFE,SAFE,son,vatnho_100,chai nuoc
son_vatnho_100_SAFE.csv,2026-09-27T14:18:46.976,10.538,96.8,SAFE,SAFE,son,vatnho_100,chai nuoc
son_vatnho_100_SAFE.csv,2026-09-27T14:18:47.152,10.714,96.8,SAFE,SAFE,son,vatnho_100,chai nuoc
son_vatnho_100_SAFE.csv,2026-09-27T14:18:47.328,10.89,96.8,SAFE,SAFE,son,vatnho_100,chai nuoc
son_vatnho_100_SAFE.csv,2026-09-27T14:18:47.504,11.066,97.2,SAFE,SAFE,son,vatnho_100,chai nuoc
son_vatnho_100_SAFE.csv,2026-09-27T14:18:47.680,11.242,96.8,SAFE,SAFE,son,vatnho_100,chai nuoc
son_vatnho_100_SAFE.csv,2026-09-27T14:18:47.856,11.418,97.6,SAFE,SAFE,son,vatnho_100,chai nuoc
son_vatnho_100_SAFE.csv,2026-09-27T14:18:48.032,11.594,96.3,SAFE,SAFE,son,vatnho_100,chai nuoc
son_vatnho_100_SAFE.csv,2026-09-27T14:18:48.208,11.77,96.7,SAFE,SAFE,son,vatnho_100,chai nuoc
son_vatnho_100_SAFE.csv,2026-09-27T14:18:48.384,11.946,96.3,SAFE,SAFE,son,vatnho_100,chai nuoc
son_vatnho_100_SAFE.csv,2026-09-27T14:18:48.560,12.122,98.1,SAFE,SAFE,son,vatnho_100,chai nuoc
son_vatnho_100_SAFE.csv,2026-09-27T14:18:48.736,12.298,96.3,SAFE,SAFE,son,vatnho_100,chai nuoc
son_vatnho_100_SAFE.csv,2026-09-27T14:18:48.912,12.474,97.2,SAFE,SAFE,son,vatnho_100,chai nuoc
son_vatnho_100_SAFE.csv,2026-09-27T14:18:49.088,12.65,96.7,SAFE,SAFE,son,vatnho_100,chai nuoc
son_vatnho_100_SAFE.csv,2026-09-27T14:18:49.264,12.826,96.7,SAFE,SAFE,son,vatnho_100,chai nuoc
son_vatnho_100_SAFE.csv,2026-09-27T14:18:49.440,13.002,97.1,SAFE,SAFE,son,vatnho_100,chai nuoc
son_vatnho_100_SAFE.csv,2026-09-27T14:18:49.616,13.178,96.7,SAFE,SAFE,son,vatnho_100,chai nuoc
son_vatnho_100_SAFE.csv,2026-09-27T14:18:49.792,13.354,96.3,SAFE,SAFE,son,vatnho_100,chai nuoc
son_vatnho_100_SAFE.csv,2026-09-27T14:18:49.968,13.53,96.7,SAFE,SAFE,son,vatnho_100,chai nuoc
son_vatnho_100_SAFE.csv,2026-09-27T14:18:50.144,13.706,96.7,SAFE,SAFE,son,vatnho_100,chai nuoc
son_vatnho_100_SAFE.csv,2026-09-27T14:18:50.320,13.883,97.2,SAFE,SAFE,son,vatnho_100,chai nuoc
son_vatnho_100_SAFE.csv,2026-09-27T14:18:50.497,14.059,96.3,SAFE,SAFE,son,vatnho_100,chai nuoc
son_vatnho_100_SAFE.csv,2026-09-27T14:18:50.673,14.235,97.1,SAFE,SAFE,son,vatnho_100,chai nuoc
son_vatnho_100_SAFE.csv,2026-09-27T14:18:50.849,14.411,96.3,SAFE,SAFE,son,vatnho_100,chai nuoc
son_vatnho_100_SAFE.csv,2026-09-27T14:18:51.024,14.586,96.2,SAFE,SAFE,son,vatnho_100,chai nuoc
son_vatnho_100_SAFE.csv,2026-09-27T14:18:51.200,14.762,96.7,SAFE,SAFE,son,vatnho_100,chai nuoc
son_vatnho_100_SAFE.csv,2026-09-27T14:18:51.376,14.938,96.7,SAFE,SAFE,son,vatnho_100,chai nuoc
son_vatnho_100_SAFE.csv,2026-09-27T14:18:51.552,15.114,96.7,SAFE,SAFE,son,vatnho_100,chai nuoc
son_vatnho_100_SAFE.csv,2026-09-27T14:18:51.728,15.29,96.7,SAFE,SAFE,son,vatnho_100,chai nuoc
son_vatnho_100_SAFE.csv,2026-09-27T14:18:51.904,15.466,96.7,SAFE,SAFE,son,vatnho_100,chai nuoc
son_vatnho_100_SAFE.csv,2026-09-27T14:18:52.080,15.642,96.8,SAFE,SAFE,son,vatnho_100,chai nuoc
son_vatnho_100_SAFE.csv,2026-09-27T14:18:52.256,15.818,96.7,SAFE,SAFE,son,vatnho_100,chai nuoc
son_vatnho_100_SAFE.csv,2026-09-27T14:18:52.432,15.994,96.7,SAFE,SAFE,son,vatnho_100,chai nuoc
son_vatnho_50_SAFE.csv,2026-09-27T14:17:13.717,0.087,49.2,SAFE,SAFE,son,vatnho_50,chai nuoc
son_vatnho_50_SAFE.csv,2026-09-27T14:17:13.887,0.257,49.2,SAFE,SAFE,son,vatnho_50,chai nuoc
son_vatnho_50_SAFE.csv,2026-09-27T14:17:14.057,0.427,49.2,SAFE,SAFE,son,vatnho_50,chai nuoc
son_vatnho_50_SAFE.csv,2026-09-27T14:17:14.227,0.597,49.2,SAFE,SAFE,son,vatnho_50,chai nuoc
son_vatnho_50_SAFE.csv,2026-09-27T14:17:14.398,0.768,49.2,SAFE,SAFE,son,vatnho_50,chai nuoc
son_vatnho_50_SAFE.csv,2026-09-27T14:17:14.567,0.937,48.8,SAFE,SAFE,son,vatnho_50,chai nuoc
son_vatnho_50_SAFE.csv,2026-09-27T14:17:14.737,1.107,50.2,SAFE,SAFE,son,vatnho_50,chai nuoc
son_vatnho_50_SAFE.csv,2026-09-27T14:17:14.907,1.277,49.8,SAFE,SAFE,son,vatnho_50,chai nuoc
son_vatnho_50_SAFE.csv,2026-09-27T14:17:15.077,1.447,50.2,SAFE,SAFE,son,vatnho_50,chai nuoc
son_vatnho_50_SAFE.csv,2026-09-27T14:17:15.247,1.617,49.8,SAFE,SAFE,son,vatnho_50,chai nuoc
son_vatnho_50_SAFE.csv,2026-09-27T14:17:15.417,1.787,49.8,SAFE,SAFE,son,vatnho_50,chai nuoc
son_vatnho_50_SAFE.csv,2026-09-27T14:17:15.587,1.957,49.8,SAFE,SAFE,son,vatnho_50,chai nuoc
son_vatnho_50_SAFE.csv,2026-09-27T14:17:15.757,2.127,49.4,SAFE,SAFE,son,vatnho_50,chai nuoc
son_vatnho_50_SAFE.csv,2026-09-27T14:17:15.927,2.297,49.8,SAFE,SAFE,son,vatnho_50,chai nuoc
son_vatnho_50_SAFE.csv,2026-09-27T14:17:16.097,2.467,50.6,SAFE,SAFE,son,vatnho_50,chai nuoc
son_vatnho_50_SAFE.csv,2026-09-27T14:17:16.267,2.637,50.2,SAFE,SAFE,son,vatnho_50,chai nuoc
son_vatnho_50_SAFE.csv,2026-09-27T14:17:16.437,2.807,49.8,SAFE,SAFE,son,vatnho_50,chai nuoc
son_vatnho_50_SAFE.csv,2026-09-27T14:17:16.607,2.977,49.4,SAFE,SAFE,son,vatnho_50,chai nuoc
son_vatnho_50_SAFE.csv,2026-09-27T14:17:16.777,3.147,49.8,SAFE,SAFE,son,vatnho_50,chai nuoc
son_vatnho_50_SAFE.csv,2026-09-27T14:17:16.947,3.317,50.2,SAFE,SAFE,son,vatnho_50,chai nuoc
son_vatnho_50_SAFE.csv,2026-09-27T14:17:17.117,3.487,49.4,SAFE,SAFE,son,vatnho_50,chai nuoc
son_vatnho_50_SAFE.csv,2026-09-27T14:17:17.287,3.657,49.8,SAFE,SAFE,son,vatnho_50,chai nuoc
son_vatnho_50_SAFE.csv,2026-09-27T14:17:17.457,3.827,50.2,SAFE,SAFE,son,vatnho_50,chai nuoc
son_vatnho_50_SAFE.csv,2026-09-27T14:17:17.627,3.997,49.4,SAFE,SAFE,son,vatnho_50,chai nuoc
son_vatnho_50_SAFE.csv,2026-09-27T14:17:17.797,4.167,49.8,SAFE,SAFE,son,vatnho_50,chai nuoc
son_vatnho_50_SAFE.csv,2026-09-27T14:17:17.967,4.337,49.4,SAFE,SAFE,son,vatnho_50,chai nuoc
son_vatnho_50_SAFE.csv,2026-09-27T14:17:18.137,4.507,49.2,SAFE,SAFE,son,vatnho_50,chai nuoc
son_vatnho_50_SAFE.csv,2026-09-27T14:17:18.307,4.677,48.8,SAFE,SAFE,son,vatnho_50,chai nuoc
son_vatnho_50_SAFE.csv,2026-09-27T14:17:18.477,4.847,48.8,SAFE,SAFE,son,vatnho_50,chai nuoc
son_vatnho_50_SAFE.csv,2026-09-27T14:17:18.647,5.017,49.6,SAFE,SAFE,son,vatnho_50,chai nuoc
son_vatnho_50_SAFE.csv,2026-09-27T14:17:18.817,5.187,49.6,SAFE,SAFE,son,vatnho_50,chai nuoc
son_vatnho_50_SAFE.csv,2026-09-27T14:17:18.987,5.357,49.2,SAFE,SAFE,son,vatnho_50,chai nuoc
son_vatnho_50_SAFE.csv,2026-09-27T14:17:19.157,5.527,49.6,SAFE,SAFE,son,vatnho_50,chai nuoc
son_vatnho_50_SAFE.csv,2026-09-27T14:17:19.327,5.697,49.2,SAFE,SAFE,son,vatnho_50,chai nuoc
son_vatnho_50_SAFE.csv,2026-09-27T14:17:19.497,5.867,49.2,SAFE,SAFE,son,vatnho_50,chai nuoc
son_vatnho_50_SAFE.csv,2026-09-27T14:17:19.667,6.037,50.0,SAFE,SAFE,son,vatnho_50,chai nuoc
son_vatnho_50_SAFE.csv,2026-09-27T14:17:19.837,6.207,49.2,SAFE,SAFE,son,vatnho_50,chai nuoc
son_vatnho_50_SAFE.csv,2026-09-27T14:17:20.007,6.377,50.2,SAFE,SAFE,son,vatnho_50,chai nuoc
son_vatnho_50_SAFE.csv,2026-09-27T14:17:20.177,6.547,50.2,SAFE,SAFE,son,vatnho_50,chai nuoc
son_vatnho_50_SAFE.csv,2026-09-27T14:17:20.347,6.717,49.2,SAFE,SAFE,son,vatnho_50,chai nuoc
son_vatnho_50_SAFE.csv,2026-09-27T14:17:20.518,6.888,50.6,SAFE,SAFE,son,vatnho_50,chai nuoc
son_vatnho_50_SAFE.csv,2026-09-27T14:17:20.688,7.058,49.6,SAFE,SAFE,son,vatnho_50,chai nuoc
son_vatnho_50_SAFE.csv,2026-09-27T14:17:20.858,7.228,50.2,SAFE,SAFE,son,vatnho_50,chai nuoc
son_vatnho_50_SAFE.csv,2026-09-27T14:17:21.028,7.398,50.6,SAFE,SAFE,son,vatnho_50,chai nuoc
son_vatnho_50_SAFE.csv,2026-09-27T14:17:21.198,7.568,48.8,SAFE,SAFE,son,vatnho_50,chai nuoc
son_vatnho_50_SAFE.csv,2026-09-27T14:17:21.367,7.737,49.2,SAFE,SAFE,son,vatnho_50,chai nuoc
son_vatnho_50_SAFE.csv,2026-09-27T14:17:21.537,7.907,50.0,SAFE,SAFE,son,vatnho_50,chai nuoc
son_vatnho_50_SAFE.csv,2026-09-27T14:17:21.707,8.077,49.2,SAFE,SAFE,son,vatnho_50,chai nuoc
son_vatnho_50_SAFE.csv,2026-09-27T14:17:21.877,8.247,49.2,SAFE,SAFE,son,vatnho_50,chai nuoc
son_vatnho_50_SAFE.csv,2026-09-27T14:17:22.047,8.417,49.2,SAFE,SAFE,son,vatnho_50,chai nuoc
son_vatnho_50_SAFE.csv,2026-09-27T14:17:22.217,8.587,50.4,SAFE,SAFE,son,vatnho_50,chai nuoc
son_vatnho_50_SAFE.csv,2026-09-27T14:17:22.387,8.757,50.8,SAFE,SAFE,son,vatnho_50,chai nuoc
son_vatnho_50_SAFE.csv,2026-09-27T14:17:22.557,8.927,50.4,SAFE,SAFE,son,vatnho_50,chai nuoc
son_vatnho_50_SAFE.csv,2026-09-27T14:17:22.727,9.097,50.4,SAFE,SAFE,son,vatnho_50,chai nuoc
son_vatnho_50_SAFE.csv,2026-09-27T14:17:22.897,9.267,49.0,SAFE,SAFE,son,vatnho_50,chai nuoc
son_vatnho_50_SAFE.csv,2026-09-27T14:17:23.067,9.437,49.2,SAFE,SAFE,son,vatnho_50,chai nuoc
son_vatnho_50_SAFE.csv,2026-09-27T14:17:23.237,9.607,49.0,SAFE,SAFE,son,vatnho_50,chai nuoc
son_vatnho_50_SAFE.csv,2026-09-27T14:17:23.407,9.777,49.0,SAFE,SAFE,son,vatnho_50,chai nuoc
son_vatnho_50_SAFE.csv,2026-09-27T14:17:23.577,9.947,49.0,SAFE,SAFE,son,vatnho_50,chai nuoc
son_vatnho_50_SAFE.csv,2026-09-27T14:17:23.747,10.117,49.0,SAFE,SAFE,son,vatnho_50,chai nuoc
son_vatnho_50_SAFE.csv,2026-09-27T14:17:23.917,10.287,50.4,SAFE,SAFE,son,vatnho_50,chai nuoc
son_vatnho_50_SAFE.csv,2026-09-27T14:17:24.087,10.457,49.0,SAFE,SAFE,son,vatnho_50,chai nuoc
son_vatnho_50_SAFE.csv,2026-09-27T14:17:24.257,10.627,49.0,SAFE,SAFE,son,vatnho_50,chai nuoc
son_vatnho_50_SAFE.csv,2026-09-27T14:17:24.427,10.797,49.0,SAFE,SAFE,son,vatnho_50,chai nuoc
son_vatnho_50_SAFE.csv,2026-09-27T14:17:24.597,10.967,49.0,SAFE,SAFE,son,vatnho_50,chai nuoc
son_vatnho_50_SAFE.csv,2026-09-27T14:17:24.767,11.137,49.0,SAFE,SAFE,son,vatnho_50,chai nuoc
son_vatnho_50_SAFE.csv,2026-09-27T14:17:24.937,11.307,48.6,SAFE,SAFE,son,vatnho_50,chai nuoc
son_vatnho_50_SAFE.csv,2026-09-27T14:17:25.107,11.477,49.6,SAFE,SAFE,son,vatnho_50,chai nuoc
son_vatnho_50_SAFE.csv,2026-09-27T14:17:25.277,11.647,50.4,SAFE,SAFE,son,vatnho_50,chai nuoc
son_vatnho_50_SAFE.csv,2026-09-27T14:17:25.447,11.817,50.0,SAFE,SAFE,son,vatnho_50,chai nuoc
son_vatnho_50_SAFE.csv,2026-09-27T14:17:25.617,11.987,50.4,SAFE,SAFE,son,vatnho_50,chai nuoc
son_vatnho_50_SAFE.csv,2026-09-27T14:17:25.787,12.157,49.0,SAFE,SAFE,son,vatnho_50,chai nuoc
son_vatnho_50_SAFE.csv,2026-09-27T14:17:25.957,12.327,49.0,SAFE,SAFE,son,vatnho_50,chai nuoc
son_vatnho_50_SAFE.csv,2026-09-27T14:17:26.127,12.497,48.6,SAFE,SAFE,son,vatnho_50,chai nuoc
son_vatnho_50_SAFE.csv,2026-09-27T14:17:26.297,12.667,48.6,SAFE,SAFE,son,vatnho_50,chai nuoc
son_vatnho_50_SAFE.csv,2026-09-27T14:17:26.467,12.837,48.6,SAFE,SAFE,son,vatnho_50,chai nuoc
son_vatnho_50_SAFE.csv,2026-09-27T14:17:26.637,13.007,49.4,SAFE,SAFE,son,vatnho_50,chai nuoc
son_vatnho_50_SAFE.csv,2026-09-27T14:17:26.807,13.177,49.4,SAFE,SAFE,son,vatnho_50,chai nuoc
son_vatnho_50_SAFE.csv,2026-09-27T14:17:26.977,13.347,49.8,SAFE,SAFE,son,vatnho_50,chai nuoc
son_vatnho_50_SAFE.csv,2026-09-27T14:17:27.147,13.517,48.8,SAFE,SAFE,son,vatnho_50,chai nuoc
son_vatnho_50_SAFE.csv,2026-09-27T14:17:27.317,13.687,48.4,SAFE,SAFE,son,vatnho_50,chai nuoc
son_vatnho_50_SAFE.csv,2026-09-27T14:17:27.487,13.857,48.4,SAFE,SAFE,son,vatnho_50,chai nuoc
son_vatnho_50_SAFE.csv,2026-09-27T14:17:27.657,14.027,48.8,SAFE,SAFE,son,vatnho_50,chai nuoc
son_vatnho_50_SAFE.csv,2026-09-27T14:17:27.827,14.197,49.2,SAFE,SAFE,son,vatnho_50,chai nuoc
son_vatnho_50_SAFE.csv,2026-09-27T14:17:27.997,14.367,49.6,SAFE,SAFE,son,vatnho_50,chai nuoc
son_vatnho_50_SAFE.csv,2026-09-27T14:17:28.167,14.537,48.4,SAFE,SAFE,son,vatnho_50,chai nuoc
son_vatnho_50_SAFE.csv,2026-09-27T14:17:28.337,14.707,48.8,SAFE,SAFE,son,vatnho_50,chai nuoc
son_vatnho_50_SAFE.csv,2026-09-27T14:17:28.507,14.877,49.6,SAFE,SAFE,son,vatnho_50,chai nuoc
son_vatnho_50_SAFE.csv,2026-09-27T14:17:28.677,15.047,48.2,SAFE,SAFE,son,vatnho_50,chai nuoc
son_vatnho_50_SAFE.csv,2026-09-27T14:17:28.847,15.217,49.6,SAFE,SAFE,son,vatnho_50,chai nuoc
son_vatnho_50_SAFE.csv,2026-09-27T14:17:29.017,15.387,48.8,SAFE,SAFE,son,vatnho_50,chai nuoc
son_vatnho_50_SAFE.csv,2026-09-27T14:17:29.187,15.557,48.6,SAFE,SAFE,son,vatnho_50,chai nuoc
son_vatnho_50_SAFE.csv,2026-09-27T14:17:29.357,15.727,48.2,SAFE,SAFE,son,vatnho_50,chai nuoc
son_vatnho_50_SAFE.csv,2026-09-27T14:17:29.527,15.897,48.8,SAFE,SAFE,son,vatnho_50,chai nuoc
son_vatnho_50_SAFE.csv,2026-09-27T14:17:29.698,16.068,49.2,SAFE,SAFE,son,vatnho_50,chai nuoc
son_vatnho_50_SAFE.csv,2026-09-27T14:17:29.868,16.238,48.6,SAFE,SAFE,son,vatnho_50,chai nuoc
son_vatnho_50_SAFE.csv,2026-09-27T14:17:30.038,16.408,48.2,SAFE,SAFE,son,vatnho_50,chai nuoc
son_vatnho_50_SAFE.csv,2026-09-27T14:17:30.208,16.578,48.2,SAFE,SAFE,son,vatnho_50,chai nuoc
son_vatnho_50_SAFE.csv,2026-09-27T14:17:30.378,16.748,48.6,SAFE,SAFE,son,vatnho_50,chai nuoc
son_vatnho_50_SAFE.csv,2026-09-27T14:17:30.547,16.917,49.2,SAFE,SAFE,son,vatnho_50,chai nuoc
son_vatnho_50_SAFE.csv,2026-09-27T14:17:30.717,17.087,49.6,SAFE,SAFE,son,vatnho_50,chai nuoc
son_vatnho_50_SAFE.csv,2026-09-27T14:17:30.887,17.257,48.2,SAFE,SAFE,son,vatnho_50,chai nuoc
son_vatnho_50_SAFE.csv,2026-09-27T14:17:31.057,17.427,49.6,SAFE,SAFE,son,vatnho_50,chai nuoc
